Subject,Attendee,Contact Type,Contact
Community,Andy,Direct Contact,John
Community,Andy,Direct Contact,Jonathan
Community,Andy,Direct Contact,Kate
Community,Andy,Direct Contact,Owen
Community,Andy,Direct Contact,Rosario
Community,Andy,Direct Contact,Sarah
Community,Andy,Direct Contact,Tim
Community,Andy,Direct Contact,Tom
Community,Andy,Direct Contact,Vani
Community,Andy,Direct Contact,Will
Community,Anya,Direct Contact,Arsene
Community,Anya,Direct Contact,Beth
Community,Anya,Direct Contact,Diana
Community,Anya,Direct Contact,Jack
Community,Anya,Direct Contact,Kelly
Community,Anya,Direct Contact,Mo
Community,Anya,Direct Contact,Will
Community,Arsene,Direct Contact,Anya
Community,Arsene,Direct Contact,Jack
Community,Arsene,Direct Contact,Kelly
Community,Beth,Direct Contact,Anya
Community,Beth,Direct Contact,Diana
Community,Beth,Direct Contact,Mo
Community,Beth,Direct Contact,Will
Community,Diana,Direct Contact,Anya
Community,Diana,Direct Contact,Beth
Community,Diana,Direct Contact,Mo
Community,Diana,Direct Contact,Will
Community,Jack,Direct Contact,Anya
Community,Jack,Direct Contact,Arsene
Community,Jack,Direct Contact,Jenny
Community,Jack,Direct Contact,Kelly
Community,Jack,Direct Contact,Ravi
Community,Jenny,Direct Contact,Jack
Community,Jenny,Direct Contact,Kelly
Community,Jenny,Direct Contact,Ravi
Community,John,Direct Contact,Andy
Community,John,Direct Contact,Owen
Community,John,Direct Contact,Sarah
Community,John,Direct Contact,Will
Community,Jonathan,Direct Contact,Andy
Community,Jonathan,Direct Contact,Rosario
Community,Jonathan,Direct Contact,Vani
Community,Kate,Direct Contact,Andy
Community,Kate,Direct Contact,Owen
Community,Kate,Direct Contact,Tim
Community,Kate,Direct Contact,Tom
Community,Kelly,Direct Contact,Anya
Community,Kelly,Direct Contact,Arsene
Community,Kelly,Direct Contact,Jack
Community,Kelly,Direct Contact,Jenny
Community,Kelly,Direct Contact,Ravi
Community,Mo,Direct Contact,Anya
Community,Mo,Direct Contact,Beth
Community,Mo,Direct Contact,Diana
Community,Mo,Direct Contact,Will
Community,Owen,Direct Contact,Andy
Community,Owen,Direct Contact,John
Community,Owen,Direct Contact,Kate
Community,Owen,Direct Contact,Sarah
Community,Owen,Direct Contact,Tim
Community,Owen,Direct Contact,Tom
Community,Owen,Direct Contact,Will
Community,Ravi,Direct Contact,Jack
Community,Ravi,Direct Contact,Jenny
Community,Ravi,Direct Contact,Kelly
Community,Rosario,Direct Contact,Andy
Community,Rosario,Direct Contact,Jonathan
Community,Rosario,Direct Contact,Vani
Community,Sarah,Direct Contact,Andy
Community,Sarah,Direct Contact,John
Community,Sarah,Direct Contact,Owen
Community,Sarah,Direct Contact,Will
Community,Tim,Direct Contact,Andy
Community,Tim,Direct Contact,Kate
Community,Tim,Direct Contact,Owen
Community,Tim,Direct Contact,Tom
Community,Tom,Direct Contact,Andy
Community,Tom,Direct Contact,Kate
Community,Tom,Direct Contact,Owen
Community,Tom,Direct Contact,Tim
Community,Vani,Direct Contact,Andy
Community,Vani,Direct Contact,Jonathan
Community,Vani,Direct Contact,Rosario
Community,Will,Direct Contact,Andy
Community,Will,Direct Contact,Anya
Community,Will,Direct Contact,Beth
Community,Will,Direct Contact,Diana
Community,Will,Direct Contact,John
Community,Will,Direct Contact,Mo
Community,Will,Direct Contact,Owen
Community,Will,Direct Contact,Sarah
Data+Women,Anya,Direct Contact,Diana
Data+Women,Anya,Direct Contact,Donna
Data+Women,Anya,Direct Contact,John
Data+Women,Anya,Direct Contact,Michael
Data+Women,Anya,Direct Contact,Mo
Data+Women,Anya,Direct Contact,Owen
Data+Women,Anya,Direct Contact,Tom
Data+Women,Beth,Direct Contact,Donna
Data+Women,Beth,Direct Contact,Michael
Data+Women,Beth,Direct Contact,Tom
Data+Women,Diana,Direct Contact,Anya
Data+Women,Diana,Direct Contact,Donna
Data+Women,Diana,Direct Contact,Michael
Data+Women,Diana,Direct Contact,Mo
Data+Women,Donna,Direct Contact,Anya
Data+Women,Donna,Direct Contact,Beth
Data+Women,Donna,Direct Contact,Diana
Data+Women,Donna,Direct Contact,Jared
Data+Women,Donna,Direct Contact,Jenny
Data+Women,Donna,Direct Contact,Jonathan
Data+Women,Donna,Direct Contact,Katie
Data+Women,Donna,Direct Contact,Michael
Data+Women,Donna,Direct Contact,Mo
Data+Women,Donna,Direct Contact,Tom
Data+Women,Jared,Direct Contact,Donna
Data+Women,Jared,Direct Contact,Jenny
Data+Women,Jared,Direct Contact,Jonathan
Data+Women,Jared,Direct Contact,Katie
Data+Women,Jared,Direct Contact,Ravi
Data+Women,Jared,Direct Contact,Rosario
Data+Women,Jared,Direct Contact,Sarah
Data+Women,Jared,Direct Contact,Tom
Data+Women,Jenny,Direct Contact,Donna
Data+Women,Jenny,Direct Contact,Jared
Data+Women,Jenny,Direct Contact,Jonathan
Data+Women,Jenny,Direct Contact,Katie
Data+Women,John,Direct Contact,Anya
Data+Women,John,Direct Contact,Kate
Data+Women,John,Direct Contact,Kelly
Data+Women,John,Direct Contact,Mo
Data+Women,John,Direct Contact,Owen
Data+Women,John,Direct Contact,Tom
Data+Women,Jonathan,Direct Contact,Donna
Data+Women,Jonathan,Direct Contact,Jared
Data+Women,Jonathan,Direct Contact,Jenny
Data+Women,Jonathan,Direct Contact,Katie
Data+Women,Kate,Direct Contact,John
Data+Women,Kate,Direct Contact,Kelly
Data+Women,Kate,Direct Contact,Mo
Data+Women,Katie,Direct Contact,Donna
Data+Women,Katie,Direct Contact,Jared
Data+Women,Katie,Direct Contact,Jenny
Data+Women,Katie,Direct Contact,Jonathan
Data+Women,Kelly,Direct Contact,John
Data+Women,Kelly,Direct Contact,Kate
Data+Women,Kelly,Direct Contact,Mo
Data+Women,Michael,Direct Contact,Anya
Data+Women,Michael,Direct Contact,Beth
Data+Women,Michael,Direct Contact,Diana
Data+Women,Michael,Direct Contact,Donna
Data+Women,Michael,Direct Contact,Mo
Data+Women,Michael,Direct Contact,Tom
Data+Women,Mo,Direct Contact,Anya
Data+Women,Mo,Direct Contact,Diana
Data+Women,Mo,Direct Contact,Donna
Data+Women,Mo,Direct Contact,John
Data+Women,Mo,Direct Contact,Kate
Data+Women,Mo,Direct Contact,Kelly
Data+Women,Mo,Direct Contact,Michael
Data+Women,Owen,Direct Contact,Anya
Data+Women,Owen,Direct Contact,John
Data+Women,Owen,Direct Contact,Tom
Data+Women,Ravi,Direct Contact,Jared
Data+Women,Ravi,Direct Contact,Rosario
Data+Women,Ravi,Direct Contact,Sarah
Data+Women,Ravi,Direct Contact,Tom
Data+Women,Rosario,Direct Contact,Jared
Data+Women,Rosario,Direct Contact,Ravi
Data+Women,Rosario,Direct Contact,Sarah
Data+Women,Rosario,Direct Contact,Tom
Data+Women,Sarah,Direct Contact,Jared
Data+Women,Sarah,Direct Contact,Ravi
Data+Women,Sarah,Direct Contact,Rosario
Data+Women,Sarah,Direct Contact,Tom
Data+Women,Tom,Direct Contact,Anya
Data+Women,Tom,Direct Contact,Beth
Data+Women,Tom,Direct Contact,Donna
Data+Women,Tom,Direct Contact,Jared
Data+Women,Tom,Direct Contact,John
Data+Women,Tom,Direct Contact,Michael
Data+Women,Tom,Direct Contact,Owen
Data+Women,Tom,Direct Contact,Ravi
Data+Women,Tom,Direct Contact,Rosario
Data+Women,Tom,Direct Contact,Sarah
DataDev,Andy,Direct Contact,Jonathan
DataDev,Andy,Direct Contact,Kelly
DataDev,Andy,Direct Contact,Mo
DataDev,Anya,Direct Contact,David
DataDev,Anya,Direct Contact,Mo
DataDev,Anya,Direct Contact,Owen
DataDev,Anya,Direct Contact,Shahzad
DataDev,Beth,Direct Contact,Kelly
DataDev,Beth,Direct Contact,Owen
DataDev,Beth,Direct Contact,Shahzad
DataDev,David,Direct Contact,Anya
DataDev,David,Direct Contact,Jared
DataDev,David,Direct Contact,Kate
DataDev,David,Direct Contact,Lorna
DataDev,David,Direct Contact,Mo
DataDev,David,Direct Contact,Owen
DataDev,David,Direct Contact,Sarah
DataDev,David,Direct Contact,Shahzad
DataDev,Jared,Direct Contact,David
DataDev,Jared,Direct Contact,Kate
DataDev,Jared,Direct Contact,Lorna
DataDev,Jared,Direct Contact,Sarah
DataDev,Jenny,Direct Contact,Kelly
DataDev,Jenny,Direct Contact,Michael
DataDev,Jenny,Direct Contact,Tom
DataDev,Jonathan,Direct Contact,Andy
DataDev,Jonathan,Direct Contact,Kelly
DataDev,Jonathan,Direct Contact,Michael
DataDev,Jonathan,Direct Contact,Mo
DataDev,Jonathan,Direct Contact,Owen
DataDev,Jonathan,Direct Contact,Shahzad
DataDev,Kate,Direct Contact,David
DataDev,Kate,Direct Contact,Jared
DataDev,Kate,Direct Contact,Lorna
DataDev,Kate,Direct Contact,Sarah
DataDev,Kelly,Direct Contact,Andy
DataDev,Kelly,Direct Contact,Beth
DataDev,Kelly,Direct Contact,Jenny
DataDev,Kelly,Direct Contact,Jonathan
DataDev,Kelly,Direct Contact,Michael
DataDev,Kelly,Direct Contact,Mo
DataDev,Kelly,Direct Contact,Owen
DataDev,Kelly,Direct Contact,Shahzad
DataDev,Kelly,Direct Contact,Tom
DataDev,Lorna,Direct Contact,David
DataDev,Lorna,Direct Contact,Jared
DataDev,Lorna,Direct Contact,Kate
DataDev,Lorna,Direct Contact,Sarah
DataDev,Michael,Direct Contact,Jenny
DataDev,Michael,Direct Contact,Jonathan
DataDev,Michael,Direct Contact,Kelly
DataDev,Michael,Direct Contact,Mo
DataDev,Michael,Direct Contact,Owen
DataDev,Michael,Direct Contact,Shahzad
DataDev,Michael,Direct Contact,Tom
DataDev,Mo,Direct Contact,Andy
DataDev,Mo,Direct Contact,Anya
DataDev,Mo,Direct Contact,David
DataDev,Mo,Direct Contact,Jonathan
DataDev,Mo,Direct Contact,Kelly
DataDev,Mo,Direct Contact,Michael
DataDev,Mo,Direct Contact,Owen
DataDev,Mo,Direct Contact,Shahzad
DataDev,Owen,Direct Contact,Anya
DataDev,Owen,Direct Contact,Beth
DataDev,Owen,Direct Contact,David
DataDev,Owen,Direct Contact,Jonathan
DataDev,Owen,Direct Contact,Kelly
DataDev,Owen,Direct Contact,Michael
DataDev,Owen,Direct Contact,Mo
DataDev,Owen,Direct Contact,Shahzad
DataDev,Sarah,Direct Contact,David
DataDev,Sarah,Direct Contact,Jared
DataDev,Sarah,Direct Contact,Kate
DataDev,Sarah,Direct Contact,Lorna
DataDev,Shahzad,Direct Contact,Anya
DataDev,Shahzad,Direct Contact,Beth
DataDev,Shahzad,Direct Contact,David
DataDev,Shahzad,Direct Contact,Jonathan
DataDev,Shahzad,Direct Contact,Kelly
DataDev,Shahzad,Direct Contact,Michael
DataDev,Shahzad,Direct Contact,Mo
DataDev,Shahzad,Direct Contact,Owen
DataDev,Tom,Direct Contact,Jenny
DataDev,Tom,Direct Contact,Kelly
DataDev,Tom,Direct Contact,Michael
Desktop,Andy,Direct Contact,Anya
Desktop,Andy,Direct Contact,Diana
Desktop,Andy,Direct Contact,Donna
Desktop,Andy,Direct Contact,Kate
Desktop,Andy,Direct Contact,Mo
Desktop,Andy,Direct Contact,Rosario
Desktop,Andy,Direct Contact,Tim
Desktop,Anya,Direct Contact,Andy
Desktop,Anya,Direct Contact,Diana
Desktop,Anya,Direct Contact,Kate
Desktop,Anya,Direct Contact,Tim
Desktop,Arsene,Direct Contact,Beth
Desktop,Arsene,Direct Contact,Carl
Desktop,Arsene,Direct Contact,David
Desktop,Arsene,Direct Contact,John
Desktop,Arsene,Direct Contact,Jonathan
Desktop,Arsene,Direct Contact,Kate
Desktop,Arsene,Direct Contact,Kirk
Desktop,Arsene,Direct Contact,Mo
Desktop,Arsene,Direct Contact,Ravi
Desktop,Beth,Direct Contact,Arsene
Desktop,Beth,Direct Contact,John
Desktop,Beth,Direct Contact,Jonathan
Desktop,Beth,Direct Contact,Kirk
Desktop,Beth,Direct Contact,Mo
Desktop,Beth,Direct Contact,Ravi
Desktop,Carl,Direct Contact,Arsene
Desktop,Carl,Direct Contact,David
Desktop,Carl,Direct Contact,Jonathan
Desktop,Carl,Direct Contact,Kate
Desktop,David,Direct Contact,Arsene
Desktop,David,Direct Contact,Carl
Desktop,David,Direct Contact,Jonathan
Desktop,David,Direct Contact,Kate
Desktop,Diana,Direct Contact,Andy
Desktop,Diana,Direct Contact,Anya
Desktop,Diana,Direct Contact,Kate
Desktop,Diana,Direct Contact,Tim
Desktop,Donna,Direct Contact,Andy
Desktop,Donna,Direct Contact,Jared
Desktop,Donna,Direct Contact,Kelly
Desktop,Donna,Direct Contact,Kirk
Desktop,Donna,Direct Contact,Mo
Desktop,Donna,Direct Contact,Rosario
Desktop,Donna,Direct Contact,Sarah
Desktop,Donna,Direct Contact,Shahzad
Desktop,Donna,Direct Contact,Will
Desktop,Jared,Direct Contact,Donna
Desktop,Jared,Direct Contact,Jenny
Desktop,Jared,Direct Contact,Katie
Desktop,Jared,Direct Contact,Kirk
Desktop,Jared,Direct Contact,Lorna
Desktop,Jared,Direct Contact,Michael
Desktop,Jared,Direct Contact,Mo
Desktop,Jared,Direct Contact,Sarah
Desktop,Jared,Direct Contact,Shahzad
Desktop,Jared,Direct Contact,Will
Desktop,Jenny,Direct Contact,Jared
Desktop,Jenny,Direct Contact,Lorna
Desktop,Jenny,Direct Contact,Michael
Desktop,Jenny,Direct Contact,Sarah
Desktop,John,Direct Contact,Arsene
Desktop,John,Direct Contact,Beth
Desktop,John,Direct Contact,Jonathan
Desktop,John,Direct Contact,Kirk
Desktop,John,Direct Contact,Mo
Desktop,John,Direct Contact,Ravi
Desktop,Jonathan,Direct Contact,Arsene
Desktop,Jonathan,Direct Contact,Beth
Desktop,Jonathan,Direct Contact,Carl
Desktop,Jonathan,Direct Contact,David
Desktop,Jonathan,Direct Contact,John
Desktop,Jonathan,Direct Contact,Kate
Desktop,Jonathan,Direct Contact,Kirk
Desktop,Kate,Direct Contact,Andy
Desktop,Kate,Direct Contact,Anya
Desktop,Kate,Direct Contact,Arsene
Desktop,Kate,Direct Contact,Carl
Desktop,Kate,Direct Contact,David
Desktop,Kate,Direct Contact,Diana
Desktop,Kate,Direct Contact,Jonathan
Desktop,Kate,Direct Contact,Tim
Desktop,Katie,Direct Contact,Jared
Desktop,Katie,Direct Contact,Kirk
Desktop,Katie,Direct Contact,Lorna
Desktop,Katie,Direct Contact,Mo
Desktop,Kelly,Direct Contact,Donna
Desktop,Kelly,Direct Contact,Kirk
Desktop,Kelly,Direct Contact,Sarah
Desktop,Kelly,Direct Contact,Shahzad
Desktop,Kirk,Direct Contact,Arsene
Desktop,Kirk,Direct Contact,Beth
Desktop,Kirk,Direct Contact,Donna
Desktop,Kirk,Direct Contact,Jared
Desktop,Kirk,Direct Contact,John
Desktop,Kirk,Direct Contact,Jonathan
Desktop,Kirk,Direct Contact,Katie
Desktop,Kirk,Direct Contact,Kelly
Desktop,Kirk,Direct Contact,Lorna
Desktop,Kirk,Direct Contact,Mo
Desktop,Kirk,Direct Contact,Sarah
Desktop,Kirk,Direct Contact,Shahzad
Desktop,Kirk,Direct Contact,Will
Desktop,Lorna,Direct Contact,Jared
Desktop,Lorna,Direct Contact,Jenny
Desktop,Lorna,Direct Contact,Katie
Desktop,Lorna,Direct Contact,Kirk
Desktop,Lorna,Direct Contact,Michael
Desktop,Lorna,Direct Contact,Mo
Desktop,Lorna,Direct Contact,Sarah
Desktop,Michael,Direct Contact,Jared
Desktop,Michael,Direct Contact,Jenny
Desktop,Michael,Direct Contact,Lorna
Desktop,Michael,Direct Contact,Sarah
Desktop,Mo,Direct Contact,Andy
Desktop,Mo,Direct Contact,Arsene
Desktop,Mo,Direct Contact,Beth
Desktop,Mo,Direct Contact,Donna
Desktop,Mo,Direct Contact,Jared
Desktop,Mo,Direct Contact,John
Desktop,Mo,Direct Contact,Katie
Desktop,Mo,Direct Contact,Kirk
Desktop,Mo,Direct Contact,Lorna
Desktop,Mo,Direct Contact,Ravi
Desktop,Mo,Direct Contact,Rosario
Desktop,Ravi,Direct Contact,Arsene
Desktop,Ravi,Direct Contact,Beth
Desktop,Ravi,Direct Contact,John
Desktop,Ravi,Direct Contact,Mo
Desktop,Rosario,Direct Contact,Andy
Desktop,Rosario,Direct Contact,Donna
Desktop,Rosario,Direct Contact,Mo
Desktop,Sarah,Direct Contact,Donna
Desktop,Sarah,Direct Contact,Jared
Desktop,Sarah,Direct Contact,Jenny
Desktop,Sarah,Direct Contact,Kelly
Desktop,Sarah,Direct Contact,Kirk
Desktop,Sarah,Direct Contact,Lorna
Desktop,Sarah,Direct Contact,Michael
Desktop,Sarah,Direct Contact,Shahzad
Desktop,Shahzad,Direct Contact,Donna
Desktop,Shahzad,Direct Contact,Jared
Desktop,Shahzad,Direct Contact,Kelly
Desktop,Shahzad,Direct Contact,Kirk
Desktop,Shahzad,Direct Contact,Sarah
Desktop,Shahzad,Direct Contact,Will
Desktop,Tim,Direct Contact,Andy
Desktop,Tim,Direct Contact,Anya
Desktop,Tim,Direct Contact,Diana
Desktop,Tim,Direct Contact,Kate
Desktop,Will,Direct Contact,Donna
Desktop,Will,Direct Contact,Jared
Desktop,Will,Direct Contact,Kirk
Desktop,Will,Direct Contact,Shahzad
Prep,Andy,Direct Contact,Jack
Prep,Andy,Direct Contact,Jenny
Prep,Andy,Direct Contact,Jonathan
Prep,Andy,Direct Contact,Rosario
Prep,Beth,Direct Contact,Michael
Prep,Beth,Direct Contact,Mo
Prep,Beth,Direct Contact,Tom
Prep,Carl,Direct Contact,David
Prep,Carl,Direct Contact,Diana
Prep,Carl,Direct Contact,Jared
Prep,Carl,Direct Contact,Jenny
Prep,Carl,Direct Contact,Jonathan
Prep,Carl,Direct Contact,Kelly
Prep,Carl,Direct Contact,Oscar
Prep,Carl,Direct Contact,Ravi
Prep,David,Direct Contact,Carl
Prep,David,Direct Contact,Diana
Prep,David,Direct Contact,Oscar
Prep,David,Direct Contact,Ravi
Prep,Diana,Direct Contact,Carl
Prep,Diana,Direct Contact,David
Prep,Diana,Direct Contact,Donna
Prep,Diana,Direct Contact,Kate
Prep,Diana,Direct Contact,Kelly
Prep,Diana,Direct Contact,Oscar
Prep,Diana,Direct Contact,Ravi
Prep,Diana,Direct Contact,Sarah
Prep,Donna,Direct Contact,Diana
Prep,Donna,Direct Contact,Kate
Prep,Donna,Direct Contact,Kelly
Prep,Donna,Direct Contact,Sarah
Prep,Jack,Direct Contact,Andy
Prep,Jack,Direct Contact,Jenny
Prep,Jack,Direct Contact,Jonathan
Prep,Jack,Direct Contact,Rosario
Prep,Jared,Direct Contact,Carl
Prep,Jared,Direct Contact,Jenny
Prep,Jared,Direct Contact,Jonathan
Prep,Jared,Direct Contact,Oscar
Prep,Jenny,Direct Contact,Andy
Prep,Jenny,Direct Contact,Carl
Prep,Jenny,Direct Contact,Jack
Prep,Jenny,Direct Contact,Jared
Prep,Jenny,Direct Contact,Jonathan
Prep,Jenny,Direct Contact,Oscar
Prep,Jenny,Direct Contact,Rosario
Prep,John,Direct Contact,Jonathan
Prep,John,Direct Contact,Ravi
Prep,John,Direct Contact,Shahzad
Prep,John,Direct Contact,Will
Prep,Jonathan,Direct Contact,Andy
Prep,Jonathan,Direct Contact,Carl
Prep,Jonathan,Direct Contact,Jack
Prep,Jonathan,Direct Contact,Jared
Prep,Jonathan,Direct Contact,Jenny
Prep,Jonathan,Direct Contact,John
Prep,Jonathan,Direct Contact,Oscar
Prep,Jonathan,Direct Contact,Ravi
Prep,Jonathan,Direct Contact,Rosario
Prep,Jonathan,Direct Contact,Shahzad
Prep,Jonathan,Direct Contact,Will
Prep,Kate,Direct Contact,Diana
Prep,Kate,Direct Contact,Donna
Prep,Kate,Direct Contact,Kelly
Prep,Kate,Direct Contact,Sarah
Prep,Kelly,Direct Contact,Carl
Prep,Kelly,Direct Contact,Diana
Prep,Kelly,Direct Contact,Donna
Prep,Kelly,Direct Contact,Kate
Prep,Kelly,Direct Contact,Oscar
Prep,Kelly,Direct Contact,Ravi
Prep,Kelly,Direct Contact,Sarah
Prep,Michael,Direct Contact,Beth
Prep,Michael,Direct Contact,Mo
Prep,Michael,Direct Contact,Tom
Prep,Mo,Direct Contact,Beth
Prep,Mo,Direct Contact,Michael
Prep,Mo,Direct Contact,Owen
Prep,Mo,Direct Contact,Shahzad
Prep,Mo,Direct Contact,Tim
Prep,Mo,Direct Contact,Tom
Prep,Mo,Direct Contact,Vani
Prep,Oscar,Direct Contact,Carl
Prep,Oscar,Direct Contact,David
Prep,Oscar,Direct Contact,Diana
Prep,Oscar,Direct Contact,Jared
Prep,Oscar,Direct Contact,Jenny
Prep,Oscar,Direct Contact,Jonathan
Prep,Oscar,Direct Contact,Kelly
Prep,Oscar,Direct Contact,Ravi
Prep,Owen,Direct Contact,Mo
Prep,Owen,Direct Contact,Shahzad
Prep,Owen,Direct Contact,Tim
Prep,Owen,Direct Contact,Vani
Prep,Ravi,Direct Contact,Carl
Prep,Ravi,Direct Contact,David
Prep,Ravi,Direct Contact,Diana
Prep,Ravi,Direct Contact,John
Prep,Ravi,Direct Contact,Jonathan
Prep,Ravi,Direct Contact,Kelly
Prep,Ravi,Direct Contact,Oscar
Prep,Ravi,Direct Contact,Shahzad
Prep,Ravi,Direct Contact,Will
Prep,Rosario,Direct Contact,Andy
Prep,Rosario,Direct Contact,Jack
Prep,Rosario,Direct Contact,Jenny
Prep,Rosario,Direct Contact,Jonathan
Prep,Sarah,Direct Contact,Diana
Prep,Sarah,Direct Contact,Donna
Prep,Sarah,Direct Contact,Kate
Prep,Sarah,Direct Contact,Kelly
Prep,Shahzad,Direct Contact,John
Prep,Shahzad,Direct Contact,Jonathan
Prep,Shahzad,Direct Contact,Mo
Prep,Shahzad,Direct Contact,Owen
Prep,Shahzad,Direct Contact,Ravi
Prep,Shahzad,Direct Contact,Tim
Prep,Shahzad,Direct Contact,Vani
Prep,Shahzad,Direct Contact,Will
Prep,Tim,Direct Contact,Mo
Prep,Tim,Direct Contact,Owen
Prep,Tim,Direct Contact,Shahzad
Prep,Tim,Direct Contact,Vani
Prep,Tom,Direct Contact,Beth
Prep,Tom,Direct Contact,Michael
Prep,Tom,Direct Contact,Mo
Prep,Vani,Direct Contact,Mo
Prep,Vani,Direct Contact,Owen
Prep,Vani,Direct Contact,Shahzad
Prep,Vani,Direct Contact,Tim
Prep,Will,Direct Contact,John
Prep,Will,Direct Contact,Jonathan
Prep,Will,Direct Contact,Ravi
Prep,Will,Direct Contact,Shahzad
Server,Anya,Direct Contact,John
Server,Anya,Direct Contact,Lorna
Server,Anya,Direct Contact,Owen
Server,Anya,Direct Contact,Sarah
Server,Arsene,Direct Contact,Kirk
Server,Arsene,Direct Contact,Mo
Server,Arsene,Direct Contact,Ravi
Server,Beth,Direct Contact,Owen
Server,Beth,Direct Contact,Tom
Server,Beth,Direct Contact,Will
Server,Carl,Direct Contact,Diana
Server,Carl,Direct Contact,Lorna
Server,Carl,Direct Contact,Oscar
Server,Carl,Direct Contact,Shahzad
Server,David,Direct Contact,Jared
Server,David,Direct Contact,Kate
Server,David,Direct Contact,Kelly
Server,David,Direct Contact,Shahzad
Server,Diana,Direct Contact,Carl
Server,Diana,Direct Contact,Kate
Server,Diana,Direct Contact,Kelly
Server,Diana,Direct Contact,Lorna
Server,Diana,Direct Contact,Oscar
Server,Diana,Direct Contact,Rosario
Server,Diana,Direct Contact,Shahzad
Server,Donna,Direct Contact,John
Server,Donna,Direct Contact,Jonathan
Server,Donna,Direct Contact,Rosario
Server,Donna,Direct Contact,Tim
Server,Jared,Direct Contact,David
Server,Jared,Direct Contact,Kate
Server,Jared,Direct Contact,Kelly
Server,Jared,Direct Contact,Shahzad
Server,John,Direct Contact,Anya
Server,John,Direct Contact,Donna
Server,John,Direct Contact,Jonathan
Server,John,Direct Contact,Lorna
Server,John,Direct Contact,Owen
Server,John,Direct Contact,Rosario
Server,John,Direct Contact,Sarah
Server,John,Direct Contact,Tim
Server,Jonathan,Direct Contact,Donna
Server,Jonathan,Direct Contact,John
Server,Jonathan,Direct Contact,Rosario
Server,Jonathan,Direct Contact,Tim
Server,Kate,Direct Contact,David
Server,Kate,Direct Contact,Diana
Server,Kate,Direct Contact,Jared
Server,Kate,Direct Contact,Kelly
Server,Kate,Direct Contact,Lorna
Server,Kate,Direct Contact,Rosario
Server,Kate,Direct Contact,Shahzad
Server,Kelly,Direct Contact,David
Server,Kelly,Direct Contact,Diana
Server,Kelly,Direct Contact,Jared
Server,Kelly,Direct Contact,Kate
Server,Kelly,Direct Contact,Lorna
Server,Kelly,Direct Contact,Rosario
Server,Kelly,Direct Contact,Shahzad
Server,Kirk,Direct Contact,Arsene
Server,Kirk,Direct Contact,Mo
Server,Kirk,Direct Contact,Ravi
Server,Lorna,Direct Contact,Anya
Server,Lorna,Direct Contact,Carl
Server,Lorna,Direct Contact,Diana
Server,Lorna,Direct Contact,John
Server,Lorna,Direct Contact,Kate
Server,Lorna,Direct Contact,Kelly
Server,Lorna,Direct Contact,Oscar
Server,Lorna,Direct Contact,Owen
Server,Lorna,Direct Contact,Rosario
Server,Lorna,Direct Contact,Sarah
Server,Lorna,Direct Contact,Shahzad
Server,Mo,Direct Contact,Arsene
Server,Mo,Direct Contact,Kirk
Server,Mo,Direct Contact,Ravi
Server,Oscar,Direct Contact,Carl
Server,Oscar,Direct Contact,Diana
Server,Oscar,Direct Contact,Lorna
Server,Oscar,Direct Contact,Shahzad
Server,Owen,Direct Contact,Anya
Server,Owen,Direct Contact,Beth
Server,Owen,Direct Contact,John
Server,Owen,Direct Contact,Lorna
Server,Owen,Direct Contact,Ravi
Server,Owen,Direct Contact,Sarah
Server,Owen,Direct Contact,Tom
Server,Owen,Direct Contact,Will
Server,Ravi,Direct Contact,Arsene
Server,Ravi,Direct Contact,Kirk
Server,Ravi,Direct Contact,Mo
Server,Ravi,Direct Contact,Owen
Server,Ravi,Direct Contact,Sarah
Server,Ravi,Direct Contact,Will
Server,Rosario,Direct Contact,Diana
Server,Rosario,Direct Contact,Donna
Server,Rosario,Direct Contact,John
Server,Rosario,Direct Contact,Jonathan
Server,Rosario,Direct Contact,Kate
Server,Rosario,Direct Contact,Kelly
Server,Rosario,Direct Contact,Lorna
Server,Rosario,Direct Contact,Tim
Server,Sarah,Direct Contact,Anya
Server,Sarah,Direct Contact,John
Server,Sarah,Direct Contact,Lorna
Server,Sarah,Direct Contact,Owen
Server,Sarah,Direct Contact,Ravi
Server,Sarah,Direct Contact,Will
Server,Shahzad,Direct Contact,Carl
Server,Shahzad,Direct Contact,David
Server,Shahzad,Direct Contact,Diana
Server,Shahzad,Direct Contact,Jared
Server,Shahzad,Direct Contact,Kate
Server,Shahzad,Direct Contact,Kelly
Server,Shahzad,Direct Contact,Lorna
Server,Shahzad,Direct Contact,Oscar
Server,Tim,Direct Contact,Donna
Server,Tim,Direct Contact,John
Server,Tim,Direct Contact,Jonathan
Server,Tim,Direct Contact,Rosario
Server,Tom,Direct Contact,Beth
Server,Tom,Direct Contact,Owen
Server,Tom,Direct Contact,Will
Server,Will,Direct Contact,Beth
Server,Will,Direct Contact,Owen
Server,Will,Direct Contact,Ravi
Server,Will,Direct Contact,Sarah
Server,Will,Direct Contact,Tom
User Groups,Anya,Direct Contact,Michael
User Groups,Anya,Direct Contact,Sarah
User Groups,Anya,Direct Contact,Tom
User Groups,David,Direct Contact,Donna
User Groups,David,Direct Contact,John
User Groups,David,Direct Contact,Kirk
User Groups,Donna,Direct Contact,David
User Groups,Donna,Direct Contact,Jared
User Groups,Donna,Direct Contact,John
User Groups,Donna,Direct Contact,Kirk
User Groups,Donna,Direct Contact,Lorna
User Groups,Donna,Direct Contact,Owen
User Groups,Jack,Direct Contact,Jared
User Groups,Jack,Direct Contact,Jenny
User Groups,Jack,Direct Contact,Jonathan
User Groups,Jack,Direct Contact,Michael
User Groups,Jack,Direct Contact,Tim
User Groups,Jack,Direct Contact,Vani
User Groups,Jared,Direct Contact,Donna
User Groups,Jared,Direct Contact,Jack
User Groups,Jared,Direct Contact,Jenny
User Groups,Jared,Direct Contact,Jonathan
User Groups,Jared,Direct Contact,Kate
User Groups,Jared,Direct Contact,Lorna
User Groups,Jared,Direct Contact,Michael
User Groups,Jared,Direct Contact,Owen
User Groups,Jared,Direct Contact,Rosario
User Groups,Jared,Direct Contact,Tim
User Groups,Jenny,Direct Contact,Jack
User Groups,Jenny,Direct Contact,Jared
User Groups,Jenny,Direct Contact,Katie
User Groups,Jenny,Direct Contact,Michael
User Groups,Jenny,Direct Contact,Sarah
User Groups,Jenny,Direct Contact,Tim
User Groups,Jenny,Direct Contact,Will
User Groups,John,Direct Contact,David
User Groups,John,Direct Contact,Donna
User Groups,John,Direct Contact,Kirk
User Groups,Jonathan,Direct Contact,Jack
User Groups,Jonathan,Direct Contact,Jared
User Groups,Jonathan,Direct Contact,Kate
User Groups,Jonathan,Direct Contact,Michael
User Groups,Jonathan,Direct Contact,Rosario
User Groups,Jonathan,Direct Contact,Vani
User Groups,Kate,Direct Contact,Jared
User Groups,Kate,Direct Contact,Jonathan
User Groups,Kate,Direct Contact,Michael
User Groups,Kate,Direct Contact,Rosario
User Groups,Katie,Direct Contact,Jenny
User Groups,Katie,Direct Contact,Michael
User Groups,Katie,Direct Contact,Sarah
User Groups,Katie,Direct Contact,Will
User Groups,Kirk,Direct Contact,David
User Groups,Kirk,Direct Contact,Donna
User Groups,Kirk,Direct Contact,John
User Groups,Lorna,Direct Contact,Donna
User Groups,Lorna,Direct Contact,Jared
User Groups,Lorna,Direct Contact,Owen
User Groups,Michael,Direct Contact,Anya
User Groups,Michael,Direct Contact,Jack
User Groups,Michael,Direct Contact,Jared
User Groups,Michael,Direct Contact,Jenny
User Groups,Michael,Direct Contact,Jonathan
User Groups,Michael,Direct Contact,Kate
User Groups,Michael,Direct Contact,Katie
User Groups,Michael,Direct Contact,Rosario
User Groups,Michael,Direct Contact,Sarah
User Groups,Michael,Direct Contact,Tom
User Groups,Michael,Direct Contact,Vani
User Groups,Michael,Direct Contact,Will
User Groups,Owen,Direct Contact,Donna
User Groups,Owen,Direct Contact,Jared
User Groups,Owen,Direct Contact,Lorna
User Groups,Rosario,Direct Contact,Jared
User Groups,Rosario,Direct Contact,Jonathan
User Groups,Rosario,Direct Contact,Kate
User Groups,Rosario,Direct Contact,Michael
User Groups,Sarah,Direct Contact,Anya
User Groups,Sarah,Direct Contact,Jenny
User Groups,Sarah,Direct Contact,Katie
User Groups,Sarah,Direct Contact,Michael
User Groups,Sarah,Direct Contact,Tom
User Groups,Sarah,Direct Contact,Will
User Groups,Tim,Direct Contact,Jack
User Groups,Tim,Direct Contact,Jared
User Groups,Tim,Direct Contact,Jenny
User Groups,Tom,Direct Contact,Anya
User Groups,Tom,Direct Contact,Michael
User Groups,Tom,Direct Contact,Sarah
User Groups,Vani,Direct Contact,Jack
User Groups,Vani,Direct Contact,Jonathan
User Groups,Vani,Direct Contact,Michael
User Groups,Will,Direct Contact,Jenny
User Groups,Will,Direct Contact,Katie
User Groups,Will,Direct Contact,Michael
User Groups,Will,Direct Contact,Sarah
Community,Andy,Indirect Contact,Owen
Community,Andy,Indirect Contact,Sarah
Community,Andy,Indirect Contact,Will
Community,Owen,Indirect Contact,Andy
Community,Owen,Indirect Contact,Sarah
Community,Owen,Indirect Contact,Will
Community,Sarah,Indirect Contact,Andy
Community,Sarah,Indirect Contact,Owen
Community,Sarah,Indirect Contact,Will
Community,Will,Indirect Contact,Andy
Community,Will,Indirect Contact,Owen
Community,Will,Indirect Contact,Sarah
Community,Andy,Indirect Contact,Rosario
Community,Andy,Indirect Contact,Vani
Community,Rosario,Indirect Contact,Andy
Community,Rosario,Indirect Contact,Vani
Community,Vani,Indirect Contact,Andy
Community,Vani,Indirect Contact,Rosario
Community,Andy,Indirect Contact,Tim
Community,Andy,Indirect Contact,Tom
Community,Owen,Indirect Contact,Tim
Community,Owen,Indirect Contact,Tom
Community,Tim,Indirect Contact,Andy
Community,Tim,Indirect Contact,Owen
Community,Tim,Indirect Contact,Tom
Community,Tom,Indirect Contact,Andy
Community,Tom,Indirect Contact,Owen
Community,Tom,Indirect Contact,Tim
Community,Andy,Indirect Contact,John
Community,Andy,Indirect Contact,Kate
Community,John,Indirect Contact,Andy
Community,John,Indirect Contact,Kate
Community,John,Indirect Contact,Sarah
Community,John,Indirect Contact,Tim
Community,John,Indirect Contact,Tom
Community,John,Indirect Contact,Will
Community,Kate,Indirect Contact,Andy
Community,Kate,Indirect Contact,Tim
Community,Kate,Indirect Contact,Tom
Community,Sarah,Indirect Contact,John
Community,Sarah,Indirect Contact,Kate
Community,Sarah,Indirect Contact,Tim
Community,Sarah,Indirect Contact,Tom
Community,Tim,Indirect Contact,Kate
Community,Tom,Indirect Contact,Kate
Community,Will,Indirect Contact,John
Community,Will,Indirect Contact,Kate
Community,Will,Indirect Contact,Tim
Community,Will,Indirect Contact,Tom
Community,Andy,Indirect Contact,Jonathan
Community,Jonathan,Indirect Contact,Andy
Community,Jonathan,Indirect Contact,Vani
Community,Vani,Indirect Contact,Jonathan
Community,John,Indirect Contact,Owen
Community,Owen,Indirect Contact,John
Community,Kate,Indirect Contact,Owen
Community,Owen,Indirect Contact,Kate
Community,Jonathan,Indirect Contact,Rosario
Community,Rosario,Indirect Contact,Jonathan
Community,Andy,Indirect Contact,Anya
Community,Andy,Indirect Contact,Beth
Community,Andy,Indirect Contact,Diana
Community,Andy,Indirect Contact,Mo
Community,Anya,Indirect Contact,Beth
Community,Anya,Indirect Contact,Diana
Community,Anya,Indirect Contact,Mo
Community,Beth,Indirect Contact,Anya
Community,Beth,Indirect Contact,Diana
Community,Beth,Indirect Contact,Mo
Community,Diana,Indirect Contact,Anya
Community,Diana,Indirect Contact,Beth
Community,Diana,Indirect Contact,Mo
Community,John,Indirect Contact,Anya
Community,John,Indirect Contact,Beth
Community,John,Indirect Contact,Diana
Community,John,Indirect Contact,Mo
Community,Mo,Indirect Contact,Anya
Community,Mo,Indirect Contact,Beth
Community,Mo,Indirect Contact,Diana
Community,Owen,Indirect Contact,Anya
Community,Owen,Indirect Contact,Beth
Community,Owen,Indirect Contact,Diana
Community,Owen,Indirect Contact,Mo
Community,Sarah,Indirect Contact,Anya
Community,Sarah,Indirect Contact,Beth
Community,Sarah,Indirect Contact,Diana
Community,Sarah,Indirect Contact,Mo
Community,Anya,Indirect Contact,Jack
Community,Anya,Indirect Contact,Kelly
Community,Jack,Indirect Contact,Anya
Community,Jack,Indirect Contact,Kelly
Community,Kelly,Indirect Contact,Anya
Community,Kelly,Indirect Contact,Jack
Community,Anya,Indirect Contact,Will
Community,Diana,Indirect Contact,Will
Community,Mo,Indirect Contact,Will
Community,Will,Indirect Contact,Anya
Community,Will,Indirect Contact,Diana
Community,Will,Indirect Contact,Mo
Community,Beth,Indirect Contact,Will
Community,Will,Indirect Contact,Beth
Community,Anya,Indirect Contact,Arsene
Community,Arsene,Indirect Contact,Anya
Community,Arsene,Indirect Contact,Kelly
Community,Jenny,Indirect Contact,Anya
Community,Jenny,Indirect Contact,Arsene
Community,Jenny,Indirect Contact,Kelly
Community,Jenny,Indirect Contact,Ravi
Community,Kelly,Indirect Contact,Arsene
Community,Kelly,Indirect Contact,Jenny
Community,Kelly,Indirect Contact,Ravi
Community,Ravi,Indirect Contact,Anya
Community,Ravi,Indirect Contact,Arsene
Community,Ravi,Indirect Contact,Jenny
Community,Ravi,Indirect Contact,Kelly
Community,Arsene,Indirect Contact,Jack
Community,Jack,Indirect Contact,Arsene
Community,Jack,Indirect Contact,Jenny
Community,Jack,Indirect Contact,Ravi
Community,Jenny,Indirect Contact,Jack
Community,Ravi,Indirect Contact,Jack
Community,Arsene,Indirect Contact,Beth
Community,Arsene,Indirect Contact,Diana
Community,Arsene,Indirect Contact,Mo
Community,Arsene,Indirect Contact,Will
Community,Jack,Indirect Contact,Beth
Community,Jack,Indirect Contact,Diana
Community,Jack,Indirect Contact,Mo
Community,Jack,Indirect Contact,Will
Community,Kelly,Indirect Contact,Beth
Community,Kelly,Indirect Contact,Diana
Community,Kelly,Indirect Contact,Mo
Community,Kelly,Indirect Contact,Will
Community,John,Indirect Contact,Jonathan
Community,John,Indirect Contact,Rosario
Community,John,Indirect Contact,Vani
Community,Jonathan,Indirect Contact,Kate
Community,Jonathan,Indirect Contact,Owen
Community,Jonathan,Indirect Contact,Tim
Community,Jonathan,Indirect Contact,Tom
Community,Owen,Indirect Contact,Jonathan
Community,Owen,Indirect Contact,Rosario
Community,Owen,Indirect Contact,Vani
Community,Rosario,Indirect Contact,Kate
Community,Rosario,Indirect Contact,Owen
Community,Rosario,Indirect Contact,Tim
Community,Rosario,Indirect Contact,Tom
Community,Sarah,Indirect Contact,Jonathan
Community,Sarah,Indirect Contact,Rosario
Community,Sarah,Indirect Contact,Vani
Community,Vani,Indirect Contact,Kate
Community,Vani,Indirect Contact,Owen
Community,Vani,Indirect Contact,Tim
Community,Vani,Indirect Contact,Tom
Community,Will,Indirect Contact,Jonathan
Community,Will,Indirect Contact,Rosario
Community,Will,Indirect Contact,Vani
Data+Women,Anya,Indirect Contact,Donna
Data+Women,Anya,Indirect Contact,Michael
Data+Women,Anya,Indirect Contact,Mo
Data+Women,Donna,Indirect Contact,Anya
Data+Women,Donna,Indirect Contact,Michael
Data+Women,Donna,Indirect Contact,Mo
Data+Women,Michael,Indirect Contact,Anya
Data+Women,Michael,Indirect Contact,Donna
Data+Women,Michael,Indirect Contact,Mo
Data+Women,Mo,Indirect Contact,Anya
Data+Women,Mo,Indirect Contact,Donna
Data+Women,Mo,Indirect Contact,Michael
Data+Women,Anya,Indirect Contact,Diana
Data+Women,Beth,Indirect Contact,Anya
Data+Women,Beth,Indirect Contact,Diana
Data+Women,Beth,Indirect Contact,Michael
Data+Women,Beth,Indirect Contact,Mo
Data+Women,Beth,Indirect Contact,Tom
Data+Women,Diana,Indirect Contact,Anya
Data+Women,Diana,Indirect Contact,Michael
Data+Women,Diana,Indirect Contact,Mo
Data+Women,Jared,Indirect Contact,Anya
Data+Women,Jared,Indirect Contact,Beth
Data+Women,Jared,Indirect Contact,Diana
Data+Women,Jared,Indirect Contact,Jenny
Data+Women,Jared,Indirect Contact,Jonathan
Data+Women,Jared,Indirect Contact,Katie
Data+Women,Jared,Indirect Contact,Michael
Data+Women,Jared,Indirect Contact,Mo
Data+Women,Jared,Indirect Contact,Tom
Data+Women,Jenny,Indirect Contact,Anya
Data+Women,Jenny,Indirect Contact,Beth
Data+Women,Jenny,Indirect Contact,Diana
Data+Women,Jenny,Indirect Contact,Jared
Data+Women,Jenny,Indirect Contact,Jonathan
Data+Women,Jenny,Indirect Contact,Katie
Data+Women,Jenny,Indirect Contact,Michael
Data+Women,Jenny,Indirect Contact,Mo
Data+Women,Jenny,Indirect Contact,Tom
Data+Women,Jonathan,Indirect Contact,Anya
Data+Women,Jonathan,Indirect Contact,Beth
Data+Women,Jonathan,Indirect Contact,Diana
Data+Women,Jonathan,Indirect Contact,Jared
Data+Women,Jonathan,Indirect Contact,Jenny
Data+Women,Jonathan,Indirect Contact,Katie
Data+Women,Jonathan,Indirect Contact,Michael
Data+Women,Jonathan,Indirect Contact,Mo
Data+Women,Jonathan,Indirect Contact,Tom
Data+Women,Katie,Indirect Contact,Anya
Data+Women,Katie,Indirect Contact,Beth
Data+Women,Katie,Indirect Contact,Diana
Data+Women,Katie,Indirect Contact,Jared
Data+Women,Katie,Indirect Contact,Jenny
Data+Women,Katie,Indirect Contact,Jonathan
Data+Women,Katie,Indirect Contact,Michael
Data+Women,Katie,Indirect Contact,Mo
Data+Women,Katie,Indirect Contact,Tom
Data+Women,Michael,Indirect Contact,Beth
Data+Women,Michael,Indirect Contact,Diana
Data+Women,Michael,Indirect Contact,Tom
Data+Women,Mo,Indirect Contact,Diana
Data+Women,Tom,Indirect Contact,Anya
Data+Women,Tom,Indirect Contact,Beth
Data+Women,Tom,Indirect Contact,Diana
Data+Women,Tom,Indirect Contact,Michael
Data+Women,Tom,Indirect Contact,Mo
Data+Women,Anya,Indirect Contact,Owen
Data+Women,Anya,Indirect Contact,Tom
Data+Women,Kate,Indirect Contact,Anya
Data+Women,Kate,Indirect Contact,Kelly
Data+Women,Kate,Indirect Contact,Mo
Data+Women,Kate,Indirect Contact,Owen
Data+Women,Kate,Indirect Contact,Tom
Data+Women,Kelly,Indirect Contact,Anya
Data+Women,Kelly,Indirect Contact,Kate
Data+Women,Kelly,Indirect Contact,Mo
Data+Women,Kelly,Indirect Contact,Owen
Data+Women,Kelly,Indirect Contact,Tom
Data+Women,Mo,Indirect Contact,Kate
Data+Women,Mo,Indirect Contact,Kelly
Data+Women,Mo,Indirect Contact,Owen
Data+Women,Mo,Indirect Contact,Tom
Data+Women,Owen,Indirect Contact,Anya
Data+Women,Owen,Indirect Contact,Tom
Data+Women,Tom,Indirect Contact,Owen
Data+Women,Beth,Indirect Contact,Donna
Data+Women,Diana,Indirect Contact,Donna
Data+Women,Donna,Indirect Contact,Beth
Data+Women,Donna,Indirect Contact,Diana
Data+Women,Donna,Indirect Contact,Tom
Data+Women,Tom,Indirect Contact,Donna
Data+Women,John,Indirect Contact,Anya
Data+Women,John,Indirect Contact,Diana
Data+Women,John,Indirect Contact,Donna
Data+Women,John,Indirect Contact,Kate
Data+Women,John,Indirect Contact,Kelly
Data+Women,John,Indirect Contact,Michael
Data+Women,Kate,Indirect Contact,Diana
Data+Women,Kate,Indirect Contact,Donna
Data+Women,Kate,Indirect Contact,John
Data+Women,Kate,Indirect Contact,Michael
Data+Women,Kelly,Indirect Contact,Diana
Data+Women,Kelly,Indirect Contact,Donna
Data+Women,Kelly,Indirect Contact,John
Data+Women,Kelly,Indirect Contact,Michael
Data+Women,Anya,Indirect Contact,John
Data+Women,John,Indirect Contact,Tom
Data+Women,Tom,Indirect Contact,John
Data+Women,Anya,Indirect Contact,Jared
Data+Women,Anya,Indirect Contact,Ravi
Data+Women,Anya,Indirect Contact,Rosario
Data+Women,Anya,Indirect Contact,Sarah
Data+Women,Beth,Indirect Contact,Jared
Data+Women,Beth,Indirect Contact,John
Data+Women,Beth,Indirect Contact,Owen
Data+Women,Beth,Indirect Contact,Ravi
Data+Women,Beth,Indirect Contact,Rosario
Data+Women,Beth,Indirect Contact,Sarah
Data+Women,Donna,Indirect Contact,Jared
Data+Women,Donna,Indirect Contact,John
Data+Women,Donna,Indirect Contact,Owen
Data+Women,Donna,Indirect Contact,Ravi
Data+Women,Donna,Indirect Contact,Rosario
Data+Women,Donna,Indirect Contact,Sarah
Data+Women,Jared,Indirect Contact,Ravi
Data+Women,Jared,Indirect Contact,Rosario
Data+Women,Jared,Indirect Contact,Sarah
Data+Women,John,Indirect Contact,Jared
Data+Women,John,Indirect Contact,Owen
Data+Women,John,Indirect Contact,Ravi
Data+Women,John,Indirect Contact,Rosario
Data+Women,John,Indirect Contact,Sarah
Data+Women,Michael,Indirect Contact,Jared
Data+Women,Michael,Indirect Contact,John
Data+Women,Michael,Indirect Contact,Owen
Data+Women,Michael,Indirect Contact,Ravi
Data+Women,Michael,Indirect Contact,Rosario
Data+Women,Michael,Indirect Contact,Sarah
Data+Women,Owen,Indirect Contact,Jared
Data+Women,Owen,Indirect Contact,John
Data+Women,Owen,Indirect Contact,Ravi
Data+Women,Owen,Indirect Contact,Rosario
Data+Women,Owen,Indirect Contact,Sarah
Data+Women,Ravi,Indirect Contact,Jared
Data+Women,Ravi,Indirect Contact,Rosario
Data+Women,Ravi,Indirect Contact,Sarah
Data+Women,Rosario,Indirect Contact,Jared
Data+Women,Rosario,Indirect Contact,Ravi
Data+Women,Rosario,Indirect Contact,Sarah
Data+Women,Sarah,Indirect Contact,Jared
Data+Women,Sarah,Indirect Contact,Ravi
Data+Women,Sarah,Indirect Contact,Rosario
Data+Women,John,Indirect Contact,Mo
Data+Women,Owen,Indirect Contact,Diana
Data+Women,Owen,Indirect Contact,Donna
Data+Women,Owen,Indirect Contact,Michael
Data+Women,Owen,Indirect Contact,Mo
Data+Women,Donna,Indirect Contact,Jenny
Data+Women,Donna,Indirect Contact,Jonathan
Data+Women,Donna,Indirect Contact,Katie
Data+Women,Jenny,Indirect Contact,Donna
Data+Women,Jenny,Indirect Contact,Ravi
Data+Women,Jenny,Indirect Contact,Rosario
Data+Women,Jenny,Indirect Contact,Sarah
Data+Women,Jonathan,Indirect Contact,Donna
Data+Women,Jonathan,Indirect Contact,Ravi
Data+Women,Jonathan,Indirect Contact,Rosario
Data+Women,Jonathan,Indirect Contact,Sarah
Data+Women,Katie,Indirect Contact,Donna
Data+Women,Katie,Indirect Contact,Ravi
Data+Women,Katie,Indirect Contact,Rosario
Data+Women,Katie,Indirect Contact,Sarah
Data+Women,Ravi,Indirect Contact,Tom
Data+Women,Rosario,Indirect Contact,Tom
Data+Women,Sarah,Indirect Contact,Tom
Data+Women,Tom,Indirect Contact,Ravi
Data+Women,Tom,Indirect Contact,Rosario
Data+Women,Tom,Indirect Contact,Sarah
Data+Women,Jared,Indirect Contact,Donna
Data+Women,Tom,Indirect Contact,Jared
Data+Women,Mo,Indirect Contact,John
DataDev,Andy,Indirect Contact,Kelly
DataDev,Andy,Indirect Contact,Mo
DataDev,Kelly,Indirect Contact,Andy
DataDev,Kelly,Indirect Contact,Mo
DataDev,Michael,Indirect Contact,Andy
DataDev,Michael,Indirect Contact,Kelly
DataDev,Michael,Indirect Contact,Mo
DataDev,Michael,Indirect Contact,Owen
DataDev,Michael,Indirect Contact,Shahzad
DataDev,Mo,Indirect Contact,Andy
DataDev,Mo,Indirect Contact,Kelly
DataDev,Mo,Indirect Contact,Michael
DataDev,Mo,Indirect Contact,Owen
DataDev,Mo,Indirect Contact,Shahzad
DataDev,Owen,Indirect Contact,Andy
DataDev,Owen,Indirect Contact,Kelly
DataDev,Owen,Indirect Contact,Michael
DataDev,Owen,Indirect Contact,Mo
DataDev,Owen,Indirect Contact,Shahzad
DataDev,Shahzad,Indirect Contact,Andy
DataDev,Shahzad,Indirect Contact,Kelly
DataDev,Shahzad,Indirect Contact,Michael
DataDev,Shahzad,Indirect Contact,Mo
DataDev,Shahzad,Indirect Contact,Owen
DataDev,Andy,Indirect Contact,Jonathan
DataDev,Beth,Indirect Contact,Andy
DataDev,Beth,Indirect Contact,Jonathan
DataDev,Beth,Indirect Contact,Mo
DataDev,Beth,Indirect Contact,Owen
DataDev,Beth,Indirect Contact,Shahzad
DataDev,Jenny,Indirect Contact,Andy
DataDev,Jenny,Indirect Contact,Beth
DataDev,Jenny,Indirect Contact,Jonathan
DataDev,Jenny,Indirect Contact,Michael
DataDev,Jenny,Indirect Contact,Mo
DataDev,Jenny,Indirect Contact,Owen
DataDev,Jenny,Indirect Contact,Shahzad
DataDev,Jenny,Indirect Contact,Tom
DataDev,Jonathan,Indirect Contact,Andy
DataDev,Jonathan,Indirect Contact,Mo
DataDev,Michael,Indirect Contact,Beth
DataDev,Michael,Indirect Contact,Jenny
DataDev,Michael,Indirect Contact,Jonathan
DataDev,Michael,Indirect Contact,Tom
DataDev,Mo,Indirect Contact,Jonathan
DataDev,Owen,Indirect Contact,Beth
DataDev,Owen,Indirect Contact,Jonathan
DataDev,Shahzad,Indirect Contact,Beth
DataDev,Shahzad,Indirect Contact,Jonathan
DataDev,Tom,Indirect Contact,Andy
DataDev,Tom,Indirect Contact,Beth
DataDev,Tom,Indirect Contact,Jenny
DataDev,Tom,Indirect Contact,Jonathan
DataDev,Tom,Indirect Contact,Michael
DataDev,Tom,Indirect Contact,Mo
DataDev,Tom,Indirect Contact,Owen
DataDev,Tom,Indirect Contact,Shahzad
DataDev,Anya,Indirect Contact,Andy
DataDev,Anya,Indirect Contact,David
DataDev,Anya,Indirect Contact,Jonathan
DataDev,Anya,Indirect Contact,Kelly
DataDev,Anya,Indirect Contact,Owen
DataDev,Anya,Indirect Contact,Shahzad
DataDev,David,Indirect Contact,Andy
DataDev,David,Indirect Contact,Anya
DataDev,David,Indirect Contact,Jonathan
DataDev,David,Indirect Contact,Kelly
DataDev,David,Indirect Contact,Owen
DataDev,David,Indirect Contact,Shahzad
DataDev,Jonathan,Indirect Contact,Anya
DataDev,Jonathan,Indirect Contact,David
DataDev,Jonathan,Indirect Contact,Kelly
DataDev,Jonathan,Indirect Contact,Michael
DataDev,Jonathan,Indirect Contact,Owen
DataDev,Jonathan,Indirect Contact,Shahzad
DataDev,Kelly,Indirect Contact,Jonathan
DataDev,Michael,Indirect Contact,Anya
DataDev,Michael,Indirect Contact,David
DataDev,Owen,Indirect Contact,Anya
DataDev,Owen,Indirect Contact,David
DataDev,Shahzad,Indirect Contact,Anya
DataDev,Shahzad,Indirect Contact,David
DataDev,Anya,Indirect Contact,Mo
DataDev,Jared,Indirect Contact,Anya
DataDev,Jared,Indirect Contact,Kate
DataDev,Jared,Indirect Contact,Lorna
DataDev,Jared,Indirect Contact,Mo
DataDev,Jared,Indirect Contact,Owen
DataDev,Jared,Indirect Contact,Sarah
DataDev,Jared,Indirect Contact,Shahzad
DataDev,Kate,Indirect Contact,Anya
DataDev,Kate,Indirect Contact,Jared
DataDev,Kate,Indirect Contact,Lorna
DataDev,Kate,Indirect Contact,Mo
DataDev,Kate,Indirect Contact,Owen
DataDev,Kate,Indirect Contact,Sarah
DataDev,Kate,Indirect Contact,Shahzad
DataDev,Lorna,Indirect Contact,Anya
DataDev,Lorna,Indirect Contact,Jared
DataDev,Lorna,Indirect Contact,Kate
DataDev,Lorna,Indirect Contact,Mo
DataDev,Lorna,Indirect Contact,Owen
DataDev,Lorna,Indirect Contact,Sarah
DataDev,Lorna,Indirect Contact,Shahzad
DataDev,Mo,Indirect Contact,Anya
DataDev,Sarah,Indirect Contact,Anya
DataDev,Sarah,Indirect Contact,Jared
DataDev,Sarah,Indirect Contact,Kate
DataDev,Sarah,Indirect Contact,Lorna
DataDev,Sarah,Indirect Contact,Mo
DataDev,Sarah,Indirect Contact,Owen
DataDev,Sarah,Indirect Contact,Shahzad
DataDev,Beth,Indirect Contact,Anya
DataDev,Beth,Indirect Contact,David
DataDev,Beth,Indirect Contact,Kelly
DataDev,Beth,Indirect Contact,Michael
DataDev,David,Indirect Contact,Mo
DataDev,Kelly,Indirect Contact,Anya
DataDev,Kelly,Indirect Contact,Beth
DataDev,Kelly,Indirect Contact,David
DataDev,Kelly,Indirect Contact,Michael
DataDev,Kelly,Indirect Contact,Shahzad
DataDev,Mo,Indirect Contact,David
DataDev,Kelly,Indirect Contact,Owen
DataDev,David,Indirect Contact,Kate
DataDev,David,Indirect Contact,Lorna
DataDev,David,Indirect Contact,Sarah
DataDev,Kate,Indirect Contact,David
DataDev,Lorna,Indirect Contact,David
DataDev,Sarah,Indirect Contact,David
DataDev,David,Indirect Contact,Jared
DataDev,Jared,Indirect Contact,David
DataDev,Jenny,Indirect Contact,Kelly
DataDev,Kelly,Indirect Contact,Jenny
DataDev,Kelly,Indirect Contact,Tom
DataDev,Tom,Indirect Contact,Kelly
Desktop,Andy,Indirect Contact,Diana
Desktop,Andy,Indirect Contact,Kate
Desktop,Andy,Indirect Contact,Tim
Desktop,Diana,Indirect Contact,Andy
Desktop,Diana,Indirect Contact,Kate
Desktop,Diana,Indirect Contact,Tim
Desktop,Kate,Indirect Contact,Andy
Desktop,Kate,Indirect Contact,Diana
Desktop,Kate,Indirect Contact,Tim
Desktop,Tim,Indirect Contact,Andy
Desktop,Tim,Indirect Contact,Diana
Desktop,Tim,Indirect Contact,Kate
Desktop,Andy,Indirect Contact,Anya
Desktop,Anya,Indirect Contact,Andy
Desktop,Anya,Indirect Contact,Kate
Desktop,Anya,Indirect Contact,Tim
Desktop,Kate,Indirect Contact,Anya
Desktop,Tim,Indirect Contact,Anya
Desktop,Andy,Indirect Contact,Jared
Desktop,Andy,Indirect Contact,Kelly
Desktop,Andy,Indirect Contact,Kirk
Desktop,Andy,Indirect Contact,Mo
Desktop,Andy,Indirect Contact,Rosario
Desktop,Andy,Indirect Contact,Sarah
Desktop,Andy,Indirect Contact,Shahzad
Desktop,Andy,Indirect Contact,Will
Desktop,Jared,Indirect Contact,Kirk
Desktop,Jared,Indirect Contact,Shahzad
Desktop,Jared,Indirect Contact,Will
Desktop,Kelly,Indirect Contact,Jared
Desktop,Kelly,Indirect Contact,Kirk
Desktop,Kelly,Indirect Contact,Sarah
Desktop,Kelly,Indirect Contact,Shahzad
Desktop,Kelly,Indirect Contact,Will
Desktop,Kirk,Indirect Contact,Jared
Desktop,Kirk,Indirect Contact,Kelly
Desktop,Kirk,Indirect Contact,Sarah
Desktop,Kirk,Indirect Contact,Shahzad
Desktop,Kirk,Indirect Contact,Will
Desktop,Mo,Indirect Contact,Andy
Desktop,Mo,Indirect Contact,Jared
Desktop,Mo,Indirect Contact,Kelly
Desktop,Mo,Indirect Contact,Kirk
Desktop,Mo,Indirect Contact,Rosario
Desktop,Mo,Indirect Contact,Sarah
Desktop,Mo,Indirect Contact,Shahzad
Desktop,Mo,Indirect Contact,Will
Desktop,Rosario,Indirect Contact,Andy
Desktop,Rosario,Indirect Contact,Jared
Desktop,Rosario,Indirect Contact,Kelly
Desktop,Rosario,Indirect Contact,Kirk
Desktop,Rosario,Indirect Contact,Mo
Desktop,Rosario,Indirect Contact,Sarah
Desktop,Rosario,Indirect Contact,Shahzad
Desktop,Rosario,Indirect Contact,Will
Desktop,Sarah,Indirect Contact,Jared
Desktop,Sarah,Indirect Contact,Kelly
Desktop,Sarah,Indirect Contact,Kirk
Desktop,Sarah,Indirect Contact,Shahzad
Desktop,Sarah,Indirect Contact,Will
Desktop,Shahzad,Indirect Contact,Jared
Desktop,Shahzad,Indirect Contact,Kelly
Desktop,Shahzad,Indirect Contact,Kirk
Desktop,Shahzad,Indirect Contact,Sarah
Desktop,Shahzad,Indirect Contact,Will
Desktop,Will,Indirect Contact,Jared
Desktop,Will,Indirect Contact,Kirk
Desktop,Will,Indirect Contact,Shahzad
Desktop,Anya,Indirect Contact,Diana
Desktop,Arsene,Indirect Contact,Andy
Desktop,Arsene,Indirect Contact,Anya
Desktop,Arsene,Indirect Contact,Carl
Desktop,Arsene,Indirect Contact,David
Desktop,Arsene,Indirect Contact,Diana
Desktop,Arsene,Indirect Contact,Jonathan
Desktop,Arsene,Indirect Contact,Tim
Desktop,Carl,Indirect Contact,Andy
Desktop,Carl,Indirect Contact,Anya
Desktop,Carl,Indirect Contact,Arsene
Desktop,Carl,Indirect Contact,David
Desktop,Carl,Indirect Contact,Diana
Desktop,Carl,Indirect Contact,Jonathan
Desktop,Carl,Indirect Contact,Tim
Desktop,David,Indirect Contact,Andy
Desktop,David,Indirect Contact,Anya
Desktop,David,Indirect Contact,Arsene
Desktop,David,Indirect Contact,Carl
Desktop,David,Indirect Contact,Diana
Desktop,David,Indirect Contact,Jonathan
Desktop,David,Indirect Contact,Tim
Desktop,Diana,Indirect Contact,Anya
Desktop,Jonathan,Indirect Contact,Andy
Desktop,Jonathan,Indirect Contact,Anya
Desktop,Jonathan,Indirect Contact,Arsene
Desktop,Jonathan,Indirect Contact,Carl
Desktop,Jonathan,Indirect Contact,David
Desktop,Jonathan,Indirect Contact,Diana
Desktop,Jonathan,Indirect Contact,Tim
Desktop,Andy,Indirect Contact,Arsene
Desktop,Andy,Indirect Contact,Beth
Desktop,Andy,Indirect Contact,Donna
Desktop,Andy,Indirect Contact,John
Desktop,Andy,Indirect Contact,Ravi
Desktop,Arsene,Indirect Contact,Beth
Desktop,Arsene,Indirect Contact,John
Desktop,Arsene,Indirect Contact,Ravi
Desktop,Beth,Indirect Contact,Arsene
Desktop,Beth,Indirect Contact,John
Desktop,Beth,Indirect Contact,Ravi
Desktop,Donna,Indirect Contact,Andy
Desktop,Donna,Indirect Contact,Arsene
Desktop,Donna,Indirect Contact,Beth
Desktop,Donna,Indirect Contact,John
Desktop,Donna,Indirect Contact,Ravi
Desktop,Donna,Indirect Contact,Rosario
Desktop,Jared,Indirect Contact,Andy
Desktop,Jared,Indirect Contact,Arsene
Desktop,Jared,Indirect Contact,Beth
Desktop,Jared,Indirect Contact,Donna
Desktop,Jared,Indirect Contact,John
Desktop,Jared,Indirect Contact,Katie
Desktop,Jared,Indirect Contact,Lorna
Desktop,Jared,Indirect Contact,Ravi
Desktop,Jared,Indirect Contact,Rosario
Desktop,John,Indirect Contact,Arsene
Desktop,John,Indirect Contact,Beth
Desktop,John,Indirect Contact,Ravi
Desktop,Katie,Indirect Contact,Andy
Desktop,Katie,Indirect Contact,Arsene
Desktop,Katie,Indirect Contact,Beth
Desktop,Katie,Indirect Contact,Donna
Desktop,Katie,Indirect Contact,Jared
Desktop,Katie,Indirect Contact,John
Desktop,Katie,Indirect Contact,Kirk
Desktop,Katie,Indirect Contact,Lorna
Desktop,Katie,Indirect Contact,Ravi
Desktop,Katie,Indirect Contact,Rosario
Desktop,Kirk,Indirect Contact,Andy
Desktop,Kirk,Indirect Contact,Arsene
Desktop,Kirk,Indirect Contact,Beth
Desktop,Kirk,Indirect Contact,Donna
Desktop,Kirk,Indirect Contact,John
Desktop,Kirk,Indirect Contact,Katie
Desktop,Kirk,Indirect Contact,Lorna
Desktop,Kirk,Indirect Contact,Ravi
Desktop,Kirk,Indirect Contact,Rosario
Desktop,Lorna,Indirect Contact,Andy
Desktop,Lorna,Indirect Contact,Arsene
Desktop,Lorna,Indirect Contact,Beth
Desktop,Lorna,Indirect Contact,Donna
Desktop,Lorna,Indirect Contact,Jared
Desktop,Lorna,Indirect Contact,John
Desktop,Lorna,Indirect Contact,Katie
Desktop,Lorna,Indirect Contact,Kirk
Desktop,Lorna,Indirect Contact,Ravi
Desktop,Lorna,Indirect Contact,Rosario
Desktop,Ravi,Indirect Contact,Arsene
Desktop,Ravi,Indirect Contact,Beth
Desktop,Ravi,Indirect Contact,John
Desktop,Rosario,Indirect Contact,Arsene
Desktop,Rosario,Indirect Contact,Beth
Desktop,Rosario,Indirect Contact,Donna
Desktop,Rosario,Indirect Contact,John
Desktop,Rosario,Indirect Contact,Ravi
Desktop,Donna,Indirect Contact,Mo
Desktop,Mo,Indirect Contact,Donna
Desktop,Donna,Indirect Contact,Anya
Desktop,Donna,Indirect Contact,Diana
Desktop,Donna,Indirect Contact,Kate
Desktop,Donna,Indirect Contact,Tim
Desktop,Mo,Indirect Contact,Anya
Desktop,Mo,Indirect Contact,Diana
Desktop,Mo,Indirect Contact,Kate
Desktop,Mo,Indirect Contact,Tim
Desktop,Rosario,Indirect Contact,Anya
Desktop,Rosario,Indirect Contact,Diana
Desktop,Rosario,Indirect Contact,Kate
Desktop,Rosario,Indirect Contact,Tim
Desktop,Arsene,Indirect Contact,Kirk
Desktop,Arsene,Indirect Contact,Mo
Desktop,John,Indirect Contact,Jonathan
Desktop,John,Indirect Contact,Kirk
Desktop,John,Indirect Contact,Mo
Desktop,Jonathan,Indirect Contact,John
Desktop,Jonathan,Indirect Contact,Kirk
Desktop,Kirk,Indirect Contact,Jonathan
Desktop,Mo,Indirect Contact,Arsene
Desktop,Mo,Indirect Contact,John
Desktop,Mo,Indirect Contact,Jonathan
Desktop,Mo,Indirect Contact,Ravi
Desktop,Ravi,Indirect Contact,Jonathan
Desktop,Ravi,Indirect Contact,Kirk
Desktop,Ravi,Indirect Contact,Mo
Desktop,Arsene,Indirect Contact,Kate
Desktop,David,Indirect Contact,Kate
Desktop,Jonathan,Indirect Contact,Kate
Desktop,Kate,Indirect Contact,Arsene
Desktop,Kate,Indirect Contact,David
Desktop,Kate,Indirect Contact,Jonathan
Desktop,Carl,Indirect Contact,Kate
Desktop,Kate,Indirect Contact,Carl
Desktop,Beth,Indirect Contact,Jonathan
Desktop,Beth,Indirect Contact,Kirk
Desktop,Beth,Indirect Contact,Mo
Desktop,Jonathan,Indirect Contact,Beth
Desktop,Mo,Indirect Contact,Beth
Desktop,Carl,Indirect Contact,Beth
Desktop,Carl,Indirect Contact,John
Desktop,Carl,Indirect Contact,Kirk
Desktop,David,Indirect Contact,Beth
Desktop,David,Indirect Contact,John
Desktop,David,Indirect Contact,Kirk
Desktop,Kate,Indirect Contact,Beth
Desktop,Kate,Indirect Contact,John
Desktop,Kate,Indirect Contact,Kirk
Desktop,Donna,Indirect Contact,Jared
Desktop,Donna,Indirect Contact,Jonathan
Desktop,Donna,Indirect Contact,Kelly
Desktop,Donna,Indirect Contact,Sarah
Desktop,Donna,Indirect Contact,Shahzad
Desktop,Donna,Indirect Contact,Will
Desktop,Jared,Indirect Contact,Jonathan
Desktop,Jared,Indirect Contact,Kelly
Desktop,Jared,Indirect Contact,Mo
Desktop,Jared,Indirect Contact,Sarah
Desktop,Katie,Indirect Contact,Jonathan
Desktop,Katie,Indirect Contact,Kelly
Desktop,Katie,Indirect Contact,Mo
Desktop,Katie,Indirect Contact,Sarah
Desktop,Katie,Indirect Contact,Shahzad
Desktop,Katie,Indirect Contact,Will
Desktop,Kelly,Indirect Contact,Arsene
Desktop,Kelly,Indirect Contact,Beth
Desktop,Kelly,Indirect Contact,Donna
Desktop,Kelly,Indirect Contact,John
Desktop,Kelly,Indirect Contact,Jonathan
Desktop,Lorna,Indirect Contact,Jonathan
Desktop,Lorna,Indirect Contact,Kelly
Desktop,Lorna,Indirect Contact,Mo
Desktop,Lorna,Indirect Contact,Sarah
Desktop,Lorna,Indirect Contact,Shahzad
Desktop,Lorna,Indirect Contact,Will
Desktop,Mo,Indirect Contact,Katie
Desktop,Mo,Indirect Contact,Lorna
Desktop,Sarah,Indirect Contact,Arsene
Desktop,Sarah,Indirect Contact,Beth
Desktop,Sarah,Indirect Contact,Donna
Desktop,Sarah,Indirect Contact,John
Desktop,Sarah,Indirect Contact,Jonathan
Desktop,Shahzad,Indirect Contact,Arsene
Desktop,Shahzad,Indirect Contact,Beth
Desktop,Shahzad,Indirect Contact,Donna
Desktop,Shahzad,Indirect Contact,John
Desktop,Shahzad,Indirect Contact,Jonathan
Desktop,Will,Indirect Contact,Arsene
Desktop,Will,Indirect Contact,Beth
Desktop,Will,Indirect Contact,Donna
Desktop,Will,Indirect Contact,John
Desktop,Will,Indirect Contact,Jonathan
Desktop,Carl,Indirect Contact,Mo
Desktop,Carl,Indirect Contact,Ravi
Desktop,David,Indirect Contact,Mo
Desktop,David,Indirect Contact,Ravi
Desktop,Jonathan,Indirect Contact,Mo
Desktop,Jonathan,Indirect Contact,Ravi
Desktop,Kate,Indirect Contact,Mo
Desktop,Kate,Indirect Contact,Ravi
Desktop,Donna,Indirect Contact,Jenny
Desktop,Donna,Indirect Contact,Kirk
Desktop,Donna,Indirect Contact,Lorna
Desktop,Donna,Indirect Contact,Michael
Desktop,Jenny,Indirect Contact,Lorna
Desktop,Jenny,Indirect Contact,Michael
Desktop,Jenny,Indirect Contact,Sarah
Desktop,Katie,Indirect Contact,Jenny
Desktop,Katie,Indirect Contact,Michael
Desktop,Kirk,Indirect Contact,Jenny
Desktop,Kirk,Indirect Contact,Michael
Desktop,Kirk,Indirect Contact,Mo
Desktop,Lorna,Indirect Contact,Jenny
Desktop,Lorna,Indirect Contact,Michael
Desktop,Michael,Indirect Contact,Jenny
Desktop,Michael,Indirect Contact,Lorna
Desktop,Michael,Indirect Contact,Sarah
Desktop,Mo,Indirect Contact,Jenny
Desktop,Mo,Indirect Contact,Michael
Desktop,Sarah,Indirect Contact,Jenny
Desktop,Sarah,Indirect Contact,Lorna
Desktop,Sarah,Indirect Contact,Michael
Desktop,Shahzad,Indirect Contact,Jenny
Desktop,Shahzad,Indirect Contact,Lorna
Desktop,Shahzad,Indirect Contact,Michael
Desktop,Will,Indirect Contact,Jenny
Desktop,Will,Indirect Contact,Lorna
Desktop,Will,Indirect Contact,Michael
Desktop,Will,Indirect Contact,Sarah
Desktop,Jared,Indirect Contact,Jenny
Desktop,Jared,Indirect Contact,Michael
Desktop,Jenny,Indirect Contact,Jared
Desktop,Kelly,Indirect Contact,Jenny
Desktop,Kelly,Indirect Contact,Lorna
Desktop,Kelly,Indirect Contact,Michael
Desktop,Michael,Indirect Contact,Jared
Prep,Andy,Indirect Contact,Jenny
Prep,Andy,Indirect Contact,Jonathan
Prep,Andy,Indirect Contact,Rosario
Prep,Jenny,Indirect Contact,Andy
Prep,Jenny,Indirect Contact,Jonathan
Prep,Jenny,Indirect Contact,Rosario
Prep,Jonathan,Indirect Contact,Andy
Prep,Jonathan,Indirect Contact,Jenny
Prep,Jonathan,Indirect Contact,Rosario
Prep,Rosario,Indirect Contact,Andy
Prep,Rosario,Indirect Contact,Jenny
Prep,Rosario,Indirect Contact,Jonathan
Prep,Andy,Indirect Contact,Carl
Prep,Andy,Indirect Contact,Jack
Prep,Andy,Indirect Contact,Jared
Prep,Andy,Indirect Contact,Oscar
Prep,Carl,Indirect Contact,Jared
Prep,Carl,Indirect Contact,Jonathan
Prep,Carl,Indirect Contact,Oscar
Prep,Jack,Indirect Contact,Andy
Prep,Jack,Indirect Contact,Carl
Prep,Jack,Indirect Contact,Jared
Prep,Jack,Indirect Contact,Jonathan
Prep,Jack,Indirect Contact,Oscar
Prep,Jack,Indirect Contact,Rosario
Prep,Jared,Indirect Contact,Carl
Prep,Jared,Indirect Contact,Jonathan
Prep,Jared,Indirect Contact,Oscar
Prep,Jonathan,Indirect Contact,Carl
Prep,Jonathan,Indirect Contact,Jack
Prep,Jonathan,Indirect Contact,Jared
Prep,Jonathan,Indirect Contact,Oscar
Prep,Oscar,Indirect Contact,Carl
Prep,Oscar,Indirect Contact,Jared
Prep,Oscar,Indirect Contact,Jonathan
Prep,Rosario,Indirect Contact,Carl
Prep,Rosario,Indirect Contact,Jack
Prep,Rosario,Indirect Contact,Jared
Prep,Rosario,Indirect Contact,Oscar
Prep,Andy,Indirect Contact,John
Prep,Andy,Indirect Contact,Ravi
Prep,Andy,Indirect Contact,Shahzad
Prep,Andy,Indirect Contact,Will
Prep,Carl,Indirect Contact,Jenny
Prep,Carl,Indirect Contact,John
Prep,Carl,Indirect Contact,Ravi
Prep,Carl,Indirect Contact,Shahzad
Prep,Carl,Indirect Contact,Will
Prep,Jack,Indirect Contact,Jenny
Prep,Jack,Indirect Contact,John
Prep,Jack,Indirect Contact,Ravi
Prep,Jack,Indirect Contact,Shahzad
Prep,Jack,Indirect Contact,Will
Prep,Jared,Indirect Contact,Jenny
Prep,Jared,Indirect Contact,John
Prep,Jared,Indirect Contact,Ravi
Prep,Jared,Indirect Contact,Shahzad
Prep,Jared,Indirect Contact,Will
Prep,Jenny,Indirect Contact,Carl
Prep,Jenny,Indirect Contact,Jack
Prep,Jenny,Indirect Contact,Jared
Prep,Jenny,Indirect Contact,John
Prep,Jenny,Indirect Contact,Oscar
Prep,Jenny,Indirect Contact,Ravi
Prep,Jenny,Indirect Contact,Shahzad
Prep,Jenny,Indirect Contact,Will
Prep,John,Indirect Contact,Ravi
Prep,John,Indirect Contact,Shahzad
Prep,John,Indirect Contact,Will
Prep,Oscar,Indirect Contact,Jenny
Prep,Oscar,Indirect Contact,John
Prep,Oscar,Indirect Contact,Ravi
Prep,Oscar,Indirect Contact,Shahzad
Prep,Oscar,Indirect Contact,Will
Prep,Ravi,Indirect Contact,John
Prep,Ravi,Indirect Contact,Shahzad
Prep,Ravi,Indirect Contact,Will
Prep,Rosario,Indirect Contact,John
Prep,Rosario,Indirect Contact,Ravi
Prep,Rosario,Indirect Contact,Shahzad
Prep,Rosario,Indirect Contact,Will
Prep,Shahzad,Indirect Contact,John
Prep,Shahzad,Indirect Contact,Ravi
Prep,Shahzad,Indirect Contact,Will
Prep,Will,Indirect Contact,John
Prep,Will,Indirect Contact,Ravi
Prep,Will,Indirect Contact,Shahzad
Prep,Beth,Indirect Contact,Mo
Prep,Beth,Indirect Contact,Tom
Prep,Mo,Indirect Contact,Beth
Prep,Mo,Indirect Contact,Tom
Prep,Tom,Indirect Contact,Beth
Prep,Tom,Indirect Contact,Mo
Prep,Beth,Indirect Contact,Michael
Prep,Michael,Indirect Contact,Beth
Prep,Michael,Indirect Contact,Tom
Prep,Owen,Indirect Contact,Beth
Prep,Owen,Indirect Contact,Michael
Prep,Owen,Indirect Contact,Shahzad
Prep,Owen,Indirect Contact,Tim
Prep,Owen,Indirect Contact,Tom
Prep,Owen,Indirect Contact,Vani
Prep,Shahzad,Indirect Contact,Beth
Prep,Shahzad,Indirect Contact,Michael
Prep,Shahzad,Indirect Contact,Owen
Prep,Shahzad,Indirect Contact,Tim
Prep,Shahzad,Indirect Contact,Tom
Prep,Shahzad,Indirect Contact,Vani
Prep,Tim,Indirect Contact,Beth
Prep,Tim,Indirect Contact,Michael
Prep,Tim,Indirect Contact,Owen
Prep,Tim,Indirect Contact,Shahzad
Prep,Tim,Indirect Contact,Tom
Prep,Tim,Indirect Contact,Vani
Prep,Tom,Indirect Contact,Michael
Prep,Vani,Indirect Contact,Beth
Prep,Vani,Indirect Contact,Michael
Prep,Vani,Indirect Contact,Owen
Prep,Vani,Indirect Contact,Shahzad
Prep,Vani,Indirect Contact,Tim
Prep,Vani,Indirect Contact,Tom
Prep,Michael,Indirect Contact,Mo
Prep,Mo,Indirect Contact,Michael
Prep,Carl,Indirect Contact,Diana
Prep,Diana,Indirect Contact,Carl
Prep,Diana,Indirect Contact,Oscar
Prep,Diana,Indirect Contact,Ravi
Prep,Oscar,Indirect Contact,Diana
Prep,Ravi,Indirect Contact,Carl
Prep,Ravi,Indirect Contact,Diana
Prep,Ravi,Indirect Contact,Oscar
Prep,Carl,Indirect Contact,David
Prep,Carl,Indirect Contact,Donna
Prep,Carl,Indirect Contact,Kate
Prep,Carl,Indirect Contact,Kelly
Prep,Carl,Indirect Contact,Sarah
Prep,David,Indirect Contact,Carl
Prep,David,Indirect Contact,Donna
Prep,David,Indirect Contact,Kate
Prep,David,Indirect Contact,Kelly
Prep,David,Indirect Contact,Oscar
Prep,David,Indirect Contact,Ravi
Prep,David,Indirect Contact,Sarah
Prep,Donna,Indirect Contact,Kate
Prep,Donna,Indirect Contact,Kelly
Prep,Donna,Indirect Contact,Sarah
Prep,Kate,Indirect Contact,Donna
Prep,Kate,Indirect Contact,Kelly
Prep,Kate,Indirect Contact,Sarah
Prep,Kelly,Indirect Contact,Donna
Prep,Kelly,Indirect Contact,Kate
Prep,Kelly,Indirect Contact,Sarah
Prep,Oscar,Indirect Contact,David
Prep,Oscar,Indirect Contact,Donna
Prep,Oscar,Indirect Contact,Kate
Prep,Oscar,Indirect Contact,Kelly
Prep,Oscar,Indirect Contact,Sarah
Prep,Ravi,Indirect Contact,David
Prep,Ravi,Indirect Contact,Donna
Prep,Ravi,Indirect Contact,Kate
Prep,Ravi,Indirect Contact,Kelly
Prep,Ravi,Indirect Contact,Sarah
Prep,Sarah,Indirect Contact,Donna
Prep,Sarah,Indirect Contact,Kate
Prep,Sarah,Indirect Contact,Kelly
Prep,Diana,Indirect Contact,Donna
Prep,Diana,Indirect Contact,Kate
Prep,Diana,Indirect Contact,Sarah
Prep,Donna,Indirect Contact,Diana
Prep,Kate,Indirect Contact,Diana
Prep,Sarah,Indirect Contact,Diana
Prep,David,Indirect Contact,Diana
Prep,David,Indirect Contact,Jared
Prep,David,Indirect Contact,Jenny
Prep,David,Indirect Contact,Jonathan
Prep,Diana,Indirect Contact,David
Prep,Diana,Indirect Contact,Jared
Prep,Diana,Indirect Contact,Jenny
Prep,Diana,Indirect Contact,Jonathan
Prep,Kelly,Indirect Contact,Carl
Prep,Kelly,Indirect Contact,David
Prep,Kelly,Indirect Contact,Diana
Prep,Kelly,Indirect Contact,Jared
Prep,Kelly,Indirect Contact,Jenny
Prep,Kelly,Indirect Contact,Jonathan
Prep,Kelly,Indirect Contact,Ravi
Prep,Ravi,Indirect Contact,Jared
Prep,Ravi,Indirect Contact,Jenny
Prep,Ravi,Indirect Contact,Jonathan
Prep,David,Indirect Contact,John
Prep,David,Indirect Contact,Shahzad
Prep,David,Indirect Contact,Will
Prep,Diana,Indirect Contact,John
Prep,Diana,Indirect Contact,Shahzad
Prep,Diana,Indirect Contact,Will
Prep,John,Indirect Contact,Jonathan
Prep,Jonathan,Indirect Contact,John
Prep,Jonathan,Indirect Contact,Shahzad
Prep,Jonathan,Indirect Contact,Will
Prep,Kelly,Indirect Contact,John
Prep,Kelly,Indirect Contact,Oscar
Prep,Kelly,Indirect Contact,Shahzad
Prep,Kelly,Indirect Contact,Will
Prep,Shahzad,Indirect Contact,Jonathan
Prep,Will,Indirect Contact,Jonathan
Prep,Diana,Indirect Contact,Kelly
Prep,Jonathan,Indirect Contact,Ravi
Prep,Mo,Indirect Contact,John
Prep,Mo,Indirect Contact,Jonathan
Prep,Mo,Indirect Contact,Owen
Prep,Mo,Indirect Contact,Ravi
Prep,Mo,Indirect Contact,Tim
Prep,Mo,Indirect Contact,Vani
Prep,Mo,Indirect Contact,Will
Prep,Owen,Indirect Contact,John
Prep,Owen,Indirect Contact,Jonathan
Prep,Owen,Indirect Contact,Mo
Prep,Owen,Indirect Contact,Ravi
Prep,Owen,Indirect Contact,Will
Prep,Tim,Indirect Contact,John
Prep,Tim,Indirect Contact,Jonathan
Prep,Tim,Indirect Contact,Mo
Prep,Tim,Indirect Contact,Ravi
Prep,Tim,Indirect Contact,Will
Prep,Vani,Indirect Contact,John
Prep,Vani,Indirect Contact,Jonathan
Prep,Vani,Indirect Contact,Mo
Prep,Vani,Indirect Contact,Ravi
Prep,Vani,Indirect Contact,Will
Prep,Mo,Indirect Contact,Shahzad
Prep,Shahzad,Indirect Contact,Mo
Server,Anya,Indirect Contact,Donna
Server,Anya,Indirect Contact,Jonathan
Server,Anya,Indirect Contact,Lorna
Server,Anya,Indirect Contact,Owen
Server,Anya,Indirect Contact,Rosario
Server,Anya,Indirect Contact,Sarah
Server,Anya,Indirect Contact,Tim
Server,Donna,Indirect Contact,Jonathan
Server,Donna,Indirect Contact,Rosario
Server,Donna,Indirect Contact,Tim
Server,Jonathan,Indirect Contact,Donna
Server,Jonathan,Indirect Contact,Rosario
Server,Jonathan,Indirect Contact,Tim
Server,Lorna,Indirect Contact,Anya
Server,Lorna,Indirect Contact,Donna
Server,Lorna,Indirect Contact,Jonathan
Server,Lorna,Indirect Contact,Owen
Server,Lorna,Indirect Contact,Rosario
Server,Lorna,Indirect Contact,Sarah
Server,Lorna,Indirect Contact,Tim
Server,Owen,Indirect Contact,Anya
Server,Owen,Indirect Contact,Donna
Server,Owen,Indirect Contact,Jonathan
Server,Owen,Indirect Contact,Lorna
Server,Owen,Indirect Contact,Rosario
Server,Owen,Indirect Contact,Sarah
Server,Owen,Indirect Contact,Tim
Server,Rosario,Indirect Contact,Donna
Server,Rosario,Indirect Contact,Jonathan
Server,Rosario,Indirect Contact,Tim
Server,Sarah,Indirect Contact,Anya
Server,Sarah,Indirect Contact,Donna
Server,Sarah,Indirect Contact,Jonathan
Server,Sarah,Indirect Contact,Lorna
Server,Sarah,Indirect Contact,Owen
Server,Sarah,Indirect Contact,Rosario
Server,Sarah,Indirect Contact,Tim
Server,Tim,Indirect Contact,Donna
Server,Tim,Indirect Contact,Jonathan
Server,Tim,Indirect Contact,Rosario
Server,Anya,Indirect Contact,Carl
Server,Anya,Indirect Contact,Diana
Server,Anya,Indirect Contact,John
Server,Anya,Indirect Contact,Kate
Server,Anya,Indirect Contact,Kelly
Server,Anya,Indirect Contact,Oscar
Server,Anya,Indirect Contact,Shahzad
Server,Carl,Indirect Contact,Diana
Server,Carl,Indirect Contact,Oscar
Server,Carl,Indirect Contact,Shahzad
Server,Diana,Indirect Contact,Carl
Server,Diana,Indirect Contact,Kate
Server,Diana,Indirect Contact,Kelly
Server,Diana,Indirect Contact,Oscar
Server,Diana,Indirect Contact,Rosario
Server,Diana,Indirect Contact,Shahzad
Server,John,Indirect Contact,Anya
Server,John,Indirect Contact,Carl
Server,John,Indirect Contact,Diana
Server,John,Indirect Contact,Kate
Server,John,Indirect Contact,Kelly
Server,John,Indirect Contact,Oscar
Server,John,Indirect Contact,Owen
Server,John,Indirect Contact,Rosario
Server,John,Indirect Contact,Sarah
Server,John,Indirect Contact,Shahzad
Server,Kate,Indirect Contact,Carl
Server,Kate,Indirect Contact,Diana
Server,Kate,Indirect Contact,Kelly
Server,Kate,Indirect Contact,Oscar
Server,Kate,Indirect Contact,Rosario
Server,Kate,Indirect Contact,Shahzad
Server,Kelly,Indirect Contact,Carl
Server,Kelly,Indirect Contact,Diana
Server,Kelly,Indirect Contact,Kate
Server,Kelly,Indirect Contact,Oscar
Server,Kelly,Indirect Contact,Rosario
Server,Kelly,Indirect Contact,Shahzad
Server,Oscar,Indirect Contact,Carl
Server,Oscar,Indirect Contact,Diana
Server,Oscar,Indirect Contact,Shahzad
Server,Owen,Indirect Contact,Carl
Server,Owen,Indirect Contact,Diana
Server,Owen,Indirect Contact,John
Server,Owen,Indirect Contact,Kate
Server,Owen,Indirect Contact,Kelly
Server,Owen,Indirect Contact,Oscar
Server,Owen,Indirect Contact,Shahzad
Server,Rosario,Indirect Contact,Carl
Server,Rosario,Indirect Contact,Diana
Server,Rosario,Indirect Contact,Kate
Server,Rosario,Indirect Contact,Kelly
Server,Rosario,Indirect Contact,Oscar
Server,Rosario,Indirect Contact,Shahzad
Server,Sarah,Indirect Contact,Carl
Server,Sarah,Indirect Contact,Diana
Server,Sarah,Indirect Contact,John
Server,Sarah,Indirect Contact,Kate
Server,Sarah,Indirect Contact,Kelly
Server,Sarah,Indirect Contact,Oscar
Server,Sarah,Indirect Contact,Shahzad
Server,Shahzad,Indirect Contact,Carl
Server,Shahzad,Indirect Contact,Diana
Server,Shahzad,Indirect Contact,Oscar
Server,Anya,Indirect Contact,Ravi
Server,Anya,Indirect Contact,Will
Server,Beth,Indirect Contact,Anya
Server,Beth,Indirect Contact,John
Server,Beth,Indirect Contact,Lorna
Server,Beth,Indirect Contact,Ravi
Server,Beth,Indirect Contact,Sarah
Server,Beth,Indirect Contact,Tom
Server,Beth,Indirect Contact,Will
Server,John,Indirect Contact,Lorna
Server,John,Indirect Contact,Ravi
Server,John,Indirect Contact,Will
Server,Lorna,Indirect Contact,John
Server,Lorna,Indirect Contact,Ravi
Server,Lorna,Indirect Contact,Will
Server,Ravi,Indirect Contact,Sarah
Server,Ravi,Indirect Contact,Will
Server,Sarah,Indirect Contact,Ravi
Server,Sarah,Indirect Contact,Will
Server,Tom,Indirect Contact,Anya
Server,Tom,Indirect Contact,Beth
Server,Tom,Indirect Contact,John
Server,Tom,Indirect Contact,Lorna
Server,Tom,Indirect Contact,Ravi
Server,Tom,Indirect Contact,Sarah
Server,Tom,Indirect Contact,Will
Server,Will,Indirect Contact,Anya
Server,Will,Indirect Contact,Beth
Server,Will,Indirect Contact,John
Server,Will,Indirect Contact,Lorna
Server,Will,Indirect Contact,Ravi
Server,Will,Indirect Contact,Sarah
Server,Will,Indirect Contact,Tom
Server,Owen,Indirect Contact,Ravi
Server,Owen,Indirect Contact,Will
Server,Ravi,Indirect Contact,Owen
Server,Will,Indirect Contact,Owen
Server,Arsene,Indirect Contact,Mo
Server,Arsene,Indirect Contact,Ravi
Server,Mo,Indirect Contact,Arsene
Server,Mo,Indirect Contact,Ravi
Server,Ravi,Indirect Contact,Arsene
Server,Ravi,Indirect Contact,Mo
Server,Arsene,Indirect Contact,Kirk
Server,Kirk,Indirect Contact,Arsene
Server,Kirk,Indirect Contact,Ravi
Server,Ravi,Indirect Contact,Kirk
Server,Kirk,Indirect Contact,Mo
Server,Mo,Indirect Contact,Kirk
Server,Owen,Indirect Contact,Arsene
Server,Owen,Indirect Contact,Kirk
Server,Owen,Indirect Contact,Mo
Server,Sarah,Indirect Contact,Arsene
Server,Sarah,Indirect Contact,Kirk
Server,Sarah,Indirect Contact,Mo
Server,Will,Indirect Contact,Arsene
Server,Will,Indirect Contact,Kirk
Server,Will,Indirect Contact,Mo
Server,Beth,Indirect Contact,Owen
Server,Owen,Indirect Contact,Beth
Server,Owen,Indirect Contact,Tom
Server,Tom,Indirect Contact,Owen
Server,Carl,Indirect Contact,Lorna
Server,Kate,Indirect Contact,Lorna
Server,Kelly,Indirect Contact,Lorna
Server,Lorna,Indirect Contact,Carl
Server,Lorna,Indirect Contact,Kate
Server,Lorna,Indirect Contact,Kelly
Server,Lorna,Indirect Contact,Oscar
Server,Lorna,Indirect Contact,Shahzad
Server,Oscar,Indirect Contact,Lorna
Server,Rosario,Indirect Contact,Lorna
Server,Shahzad,Indirect Contact,Lorna
Server,Diana,Indirect Contact,Lorna
Server,Lorna,Indirect Contact,Diana
Server,David,Indirect Contact,Carl
Server,David,Indirect Contact,Diana
Server,David,Indirect Contact,Jared
Server,David,Indirect Contact,Kate
Server,David,Indirect Contact,Kelly
Server,David,Indirect Contact,Lorna
Server,David,Indirect Contact,Oscar
Server,Jared,Indirect Contact,Carl
Server,Jared,Indirect Contact,David
Server,Jared,Indirect Contact,Diana
Server,Jared,Indirect Contact,Kate
Server,Jared,Indirect Contact,Kelly
Server,Jared,Indirect Contact,Lorna
Server,Jared,Indirect Contact,Oscar
Server,Kate,Indirect Contact,David
Server,Kate,Indirect Contact,Jared
Server,Kelly,Indirect Contact,David
Server,Kelly,Indirect Contact,Jared
Server,David,Indirect Contact,Shahzad
Server,Shahzad,Indirect Contact,David
Server,Shahzad,Indirect Contact,Kate
Server,Shahzad,Indirect Contact,Kelly
Server,David,Indirect Contact,Rosario
Server,Jared,Indirect Contact,Rosario
Server,Jared,Indirect Contact,Shahzad
Server,Shahzad,Indirect Contact,Jared
Server,Shahzad,Indirect Contact,Rosario
Server,Diana,Indirect Contact,Donna
Server,Diana,Indirect Contact,John
Server,Diana,Indirect Contact,Jonathan
Server,Diana,Indirect Contact,Tim
Server,Donna,Indirect Contact,John
Server,John,Indirect Contact,Donna
Server,John,Indirect Contact,Jonathan
Server,John,Indirect Contact,Tim
Server,Jonathan,Indirect Contact,John
Server,Kate,Indirect Contact,Donna
Server,Kate,Indirect Contact,John
Server,Kate,Indirect Contact,Jonathan
Server,Kate,Indirect Contact,Tim
Server,Kelly,Indirect Contact,Donna
Server,Kelly,Indirect Contact,John
Server,Kelly,Indirect Contact,Jonathan
Server,Kelly,Indirect Contact,Tim
Server,Tim,Indirect Contact,John
Server,Rosario,Indirect Contact,John
User Groups,Anya,Indirect Contact,Jack
User Groups,Anya,Indirect Contact,Jenny
User Groups,Anya,Indirect Contact,Jonathan
User Groups,Anya,Indirect Contact,Katie
User Groups,Anya,Indirect Contact,Sarah
User Groups,Anya,Indirect Contact,Tom
User Groups,Anya,Indirect Contact,Vani
User Groups,Anya,Indirect Contact,Will
User Groups,Jack,Indirect Contact,Jenny
User Groups,Jack,Indirect Contact,Jonathan
User Groups,Jack,Indirect Contact,Katie
User Groups,Jack,Indirect Contact,Sarah
User Groups,Jack,Indirect Contact,Vani
User Groups,Jack,Indirect Contact,Will
User Groups,Jared,Indirect Contact,Anya
User Groups,Jared,Indirect Contact,Jack
User Groups,Jared,Indirect Contact,Jenny
User Groups,Jared,Indirect Contact,Jonathan
User Groups,Jared,Indirect Contact,Kate
User Groups,Jared,Indirect Contact,Katie
User Groups,Jared,Indirect Contact,Rosario
User Groups,Jared,Indirect Contact,Sarah
User Groups,Jared,Indirect Contact,Tom
User Groups,Jared,Indirect Contact,Vani
User Groups,Jared,Indirect Contact,Will
User Groups,Jenny,Indirect Contact,Katie
User Groups,Jenny,Indirect Contact,Sarah
User Groups,Jenny,Indirect Contact,Will
User Groups,Jonathan,Indirect Contact,Anya
User Groups,Jonathan,Indirect Contact,Jack
User Groups,Jonathan,Indirect Contact,Jared
User Groups,Jonathan,Indirect Contact,Jenny
User Groups,Jonathan,Indirect Contact,Kate
User Groups,Jonathan,Indirect Contact,Katie
User Groups,Jonathan,Indirect Contact,Rosario
User Groups,Jonathan,Indirect Contact,Sarah
User Groups,Jonathan,Indirect Contact,Tom
User Groups,Jonathan,Indirect Contact,Vani
User Groups,Jonathan,Indirect Contact,Will
User Groups,Kate,Indirect Contact,Anya
User Groups,Kate,Indirect Contact,Jack
User Groups,Kate,Indirect Contact,Jared
User Groups,Kate,Indirect Contact,Jenny
User Groups,Kate,Indirect Contact,Jonathan
User Groups,Kate,Indirect Contact,Katie
User Groups,Kate,Indirect Contact,Rosario
User Groups,Kate,Indirect Contact,Sarah
User Groups,Kate,Indirect Contact,Tom
User Groups,Kate,Indirect Contact,Vani
User Groups,Kate,Indirect Contact,Will
User Groups,Katie,Indirect Contact,Jenny
User Groups,Katie,Indirect Contact,Sarah
User Groups,Katie,Indirect Contact,Will
User Groups,Rosario,Indirect Contact,Anya
User Groups,Rosario,Indirect Contact,Jack
User Groups,Rosario,Indirect Contact,Jared
User Groups,Rosario,Indirect Contact,Jenny
User Groups,Rosario,Indirect Contact,Jonathan
User Groups,Rosario,Indirect Contact,Kate
User Groups,Rosario,Indirect Contact,Katie
User Groups,Rosario,Indirect Contact,Sarah
User Groups,Rosario,Indirect Contact,Tom
User Groups,Rosario,Indirect Contact,Vani
User Groups,Rosario,Indirect Contact,Will
User Groups,Sarah,Indirect Contact,Anya
User Groups,Sarah,Indirect Contact,Jack
User Groups,Sarah,Indirect Contact,Jenny
User Groups,Sarah,Indirect Contact,Jonathan
User Groups,Sarah,Indirect Contact,Katie
User Groups,Sarah,Indirect Contact,Tom
User Groups,Sarah,Indirect Contact,Vani
User Groups,Sarah,Indirect Contact,Will
User Groups,Tom,Indirect Contact,Anya
User Groups,Tom,Indirect Contact,Jack
User Groups,Tom,Indirect Contact,Jenny
User Groups,Tom,Indirect Contact,Jonathan
User Groups,Tom,Indirect Contact,Katie
User Groups,Tom,Indirect Contact,Sarah
User Groups,Tom,Indirect Contact,Vani
User Groups,Tom,Indirect Contact,Will
User Groups,Vani,Indirect Contact,Jack
User Groups,Vani,Indirect Contact,Jenny
User Groups,Vani,Indirect Contact,Jonathan
User Groups,Vani,Indirect Contact,Katie
User Groups,Vani,Indirect Contact,Sarah
User Groups,Vani,Indirect Contact,Will
User Groups,Will,Indirect Contact,Jenny
User Groups,Will,Indirect Contact,Katie
User Groups,Will,Indirect Contact,Sarah
User Groups,Anya,Indirect Contact,Michael
User Groups,Jenny,Indirect Contact,Michael
User Groups,Katie,Indirect Contact,Michael
User Groups,Michael,Indirect Contact,Anya
User Groups,Michael,Indirect Contact,Jenny
User Groups,Michael,Indirect Contact,Katie
User Groups,Michael,Indirect Contact,Tom
User Groups,Michael,Indirect Contact,Will
User Groups,Tom,Indirect Contact,Michael
User Groups,Will,Indirect Contact,Michael
User Groups,Michael,Indirect Contact,Sarah
User Groups,Sarah,Indirect Contact,Michael
User Groups,David,Indirect Contact,John
User Groups,David,Indirect Contact,Kirk
User Groups,Jared,Indirect Contact,David
User Groups,Jared,Indirect Contact,John
User Groups,Jared,Indirect Contact,Kirk
User Groups,Jared,Indirect Contact,Lorna
User Groups,Jared,Indirect Contact,Owen
User Groups,John,Indirect Contact,David
User Groups,John,Indirect Contact,Kirk
User Groups,Kirk,Indirect Contact,David
User Groups,Kirk,Indirect Contact,John
User Groups,Lorna,Indirect Contact,David
User Groups,Lorna,Indirect Contact,Jared
User Groups,Lorna,Indirect Contact,John
User Groups,Lorna,Indirect Contact,Kirk
User Groups,Lorna,Indirect Contact,Owen
User Groups,Owen,Indirect Contact,David
User Groups,Owen,Indirect Contact,Jared
User Groups,Owen,Indirect Contact,John
User Groups,Owen,Indirect Contact,Kirk
User Groups,Owen,Indirect Contact,Lorna
User Groups,David,Indirect Contact,Donna
User Groups,Donna,Indirect Contact,David
User Groups,Donna,Indirect Contact,Kirk
User Groups,Kirk,Indirect Contact,Donna
User Groups,Donna,Indirect Contact,John
User Groups,John,Indirect Contact,Donna
User Groups,Donna,Indirect Contact,Jack
User Groups,Donna,Indirect Contact,Jenny
User Groups,Donna,Indirect Contact,Jonathan
User Groups,Donna,Indirect Contact,Kate
User Groups,Donna,Indirect Contact,Lorna
User Groups,Donna,Indirect Contact,Michael
User Groups,Donna,Indirect Contact,Owen
User Groups,Donna,Indirect Contact,Rosario
User Groups,Donna,Indirect Contact,Tim
User Groups,Jack,Indirect Contact,Tim
User Groups,Jenny,Indirect Contact,Jack
User Groups,Jenny,Indirect Contact,Tim
User Groups,Jonathan,Indirect Contact,Michael
User Groups,Jonathan,Indirect Contact,Tim
User Groups,Kate,Indirect Contact,Michael
User Groups,Kate,Indirect Contact,Tim
User Groups,Lorna,Indirect Contact,Donna
User Groups,Lorna,Indirect Contact,Jack
User Groups,Lorna,Indirect Contact,Jenny
User Groups,Lorna,Indirect Contact,Jonathan
User Groups,Lorna,Indirect Contact,Kate
User Groups,Lorna,Indirect Contact,Michael
User Groups,Lorna,Indirect Contact,Rosario
User Groups,Lorna,Indirect Contact,Tim
User Groups,Michael,Indirect Contact,Jack
User Groups,Michael,Indirect Contact,Jonathan
User Groups,Michael,Indirect Contact,Kate
User Groups,Michael,Indirect Contact,Rosario
User Groups,Michael,Indirect Contact,Tim
User Groups,Owen,Indirect Contact,Donna
User Groups,Owen,Indirect Contact,Jack
User Groups,Owen,Indirect Contact,Jenny
User Groups,Owen,Indirect Contact,Jonathan
User Groups,Owen,Indirect Contact,Kate
User Groups,Owen,Indirect Contact,Michael
User Groups,Owen,Indirect Contact,Rosario
User Groups,Owen,Indirect Contact,Tim
User Groups,Rosario,Indirect Contact,Michael
User Groups,Rosario,Indirect Contact,Tim
User Groups,Tim,Indirect Contact,Jack
User Groups,Tim,Indirect Contact,Jenny
User Groups,Donna,Indirect Contact,Jared
User Groups,Jared,Indirect Contact,Donna
User Groups,Jack,Indirect Contact,Jared
User Groups,Jared,Indirect Contact,Tim
User Groups,Katie,Indirect Contact,Jack
User Groups,Katie,Indirect Contact,Jared
User Groups,Katie,Indirect Contact,Tim
User Groups,Michael,Indirect Contact,Jared
User Groups,Sarah,Indirect Contact,Jared
User Groups,Sarah,Indirect Contact,Tim
User Groups,Tim,Indirect Contact,Jared
User Groups,Will,Indirect Contact,Jack
User Groups,Will,Indirect Contact,Jared
User Groups,Will,Indirect Contact,Tim
User Groups,Jack,Indirect Contact,Michael
User Groups,Jared,Indirect Contact,Michael
User Groups,Michael,Indirect Contact,Vani
User Groups,Vani,Indirect Contact,Michael
User Groups,Jenny,Indirect Contact,Jared
User Groups,Vani,Indirect Contact,Jared
User Groups,Vani,Indirect Contact,Tim
