Pupil Name,Date of Birth,This Year's Birthday,Cake Needed On,Month,BDs per Weekday and Month
Ronna Nellies,21/12/2013,21/12/2022,Wednesday,December,9
Rusty Andriulis,21/07/2012,21/07/2022,Thursday,July,12
Roberta Oakeshott,04/12/2011,04/12/2022,Friday,December,48
Lola Rubinfajn,29/06/2012,29/06/2022,Wednesday,June,15
Kamila Benedtti,10/07/2012,10/07/2022,Friday,July,49
Avery Colebourn,30/08/2012,30/08/2022,Tuesday,August,15
Valentino Klimko,23/12/2014,23/12/2022,Friday,December,48
Cal Shearwood,18/01/2015,18/01/2022,Tuesday,January,12
King Truswell,14/09/2012,14/09/2022,Wednesday,September,7
Towney Stichall,04/06/2015,04/06/2022,Friday,June,30
Aubrette Mc Dermid,09/10/2012,09/10/2022,Friday,October,27
Adah Chatres,27/12/2012,27/12/2022,Tuesday,December,8
Benedikt Titterton,10/01/2014,10/01/2022,Monday,January,14
Rosina Harberer,23/12/2012,23/12/2022,Friday,December,48
Panchito Filinkov,09/06/2013,09/06/2022,Thursday,June,12
Samara Strike,26/06/2013,26/06/2022,Friday,June,30
Joane McCormack,17/04/2012,17/04/2022,Friday,April,56
Griffie Sitlinton,24/03/2014,24/03/2022,Thursday,March,19
Gilberta Silversmidt,08/09/2014,08/09/2022,Thursday,September,14
Marjie Matkovic,04/12/2011,04/12/2022,Friday,December,48
Uri Cowterd,12/12/2011,12/12/2022,Monday,December,20
Korella Mattisson,03/04/2015,03/04/2022,Friday,April,56
Findlay Schonfelder,19/01/2014,19/01/2022,Wednesday,January,14
Jaquelyn Jantzen,20/10/2012,20/10/2022,Thursday,October,14
Davina Gradwell,07/11/2011,07/11/2022,Monday,November,11
Nicolea Selby,04/04/2014,04/04/2022,Monday,April,10
Moselle Alelsandrovich,22/12/2012,22/12/2022,Thursday,December,20
Honey Nieass,23/11/2014,23/11/2022,Wednesday,November,17
Akim Godfroy,30/09/2012,30/09/2022,Friday,September,41
Karole Floch,06/11/2012,06/11/2022,Friday,November,39
Nata Feldbaum,07/05/2015,07/05/2022,Friday,May,30
Jaquelin Antonucci,03/05/2012,03/05/2022,Tuesday,May,15
Candra Hallums,11/08/2014,11/08/2022,Thursday,August,10
Den Masters,03/10/2014,03/10/2022,Monday,October,14
Janifer Marris,21/05/2012,21/05/2022,Friday,May,30
Carolus Bremmer,15/09/2011,15/09/2022,Thursday,September,14
Casey Addicote,25/09/2014,25/09/2022,Friday,September,41
Brigida De Ath,07/08/2014,07/08/2022,Friday,August,24
Kimberli Severs,19/09/2011,19/09/2022,Monday,September,7
Maribeth Blumson,27/08/2014,27/08/2022,Friday,August,24
Arabele Rosenauer,26/10/2012,26/10/2022,Wednesday,October,13
Madison Cominetti,17/07/2014,17/07/2022,Friday,July,49
Verina Knoton,04/04/2014,04/04/2022,Monday,April,10
Wolfgang Clubbe,20/04/2014,20/04/2022,Wednesday,April,12
Davin Mazdon,10/07/2015,10/07/2022,Friday,July,49
Constantina McIlwaine,26/08/2014,26/08/2022,Friday,August,24
Sayre Merredy,24/10/2014,24/10/2022,Monday,October,14
Rodrick Jeannot,19/10/2013,19/10/2022,Wednesday,October,13
Kain Guerre,10/08/2015,10/08/2022,Wednesday,August,10
Blinni Fieldstone,17/11/2013,17/11/2022,Thursday,November,13
Annabell Goscomb,10/11/2013,10/11/2022,Thursday,November,13
Clayborn Benazet,21/11/2014,21/11/2022,Monday,November,11
Mahala Henze,15/09/2014,15/09/2022,Thursday,September,14
Lanette Berzen,18/11/2011,18/11/2022,Friday,November,39
Keefer Ruckhard,02/04/2013,02/04/2022,Friday,April,56
Merrili Truelock,27/11/2013,27/11/2022,Friday,November,39
Joete Goutcher,06/01/2015,06/01/2022,Thursday,January,6
Miguelita Palfreman,17/02/2012,17/02/2022,Thursday,February,12
Ossie Mattes,15/05/2012,15/05/2022,Friday,May,30
Bear Vernay,21/05/2014,21/05/2022,Friday,May,30
Teodor Wragge,14/08/2015,14/08/2022,Friday,August,24
Daisie Whitelaw,17/01/2014,17/01/2022,Monday,January,14
Emlynne Littley,05/02/2015,05/02/2022,Friday,February,31
Britni Walsh,12/07/2012,12/07/2022,Tuesday,July,12
Marys Inseal,16/11/2012,16/11/2022,Wednesday,November,17
Paxton Massow,11/02/2014,11/02/2022,Friday,February,31
Kerby Scain,30/10/2012,30/10/2022,Friday,October,27
Johnathan Lamplough,25/09/2013,25/09/2022,Friday,September,41
Jeni Donald,07/06/2013,07/06/2022,Tuesday,June,11
Sylvia Abrahamsohn,15/11/2012,15/11/2022,Tuesday,November,12
Cinnamon Stoyle,16/01/2012,16/01/2022,Friday,January,30
Issi Amey,20/10/2012,20/10/2022,Thursday,October,14
Brion Letson,07/12/2012,07/12/2022,Wednesday,December,9
Nappie Sire,10/11/2011,10/11/2022,Thursday,November,13
Pattie Chapelle,19/12/2011,19/12/2022,Monday,December,20
Brynna Armit,12/08/2012,12/08/2022,Friday,August,24
Gauthier Bruinsma,23/09/2013,23/09/2022,Friday,September,41
Pren Gudgeon,24/09/2013,24/09/2022,Friday,September,41
Wyn Husthwaite,11/05/2014,11/05/2022,Wednesday,May,8
Allianora Padrick,07/12/2011,07/12/2022,Wednesday,December,9
Malena Bennough,20/04/2013,20/04/2022,Wednesday,April,12
Jarret Winscom,05/03/2013,05/03/2022,Friday,March,31
Ree Salmen,14/11/2013,14/11/2022,Monday,November,11
Hope Dommerque,13/09/2014,13/09/2022,Tuesday,September,12
Guillermo Trowle,24/06/2013,24/06/2022,Friday,June,30
Tibold Cottingham,03/09/2013,03/09/2022,Friday,September,41
Cecilia Poxton,20/12/2013,20/12/2022,Tuesday,December,8
Arri Sleney,23/11/2013,23/11/2022,Wednesday,November,17
Regina Isenor,16/10/2011,16/10/2022,Friday,October,27
Annalise Roll,04/07/2012,04/07/2022,Monday,July,11
Othello Blyth,19/07/2014,19/07/2022,Tuesday,July,12
Ave Heyball,01/05/2012,01/05/2022,Friday,April,56
Friederike Civitillo,24/06/2015,24/06/2022,Friday,June,30
Hayley Rizzini,26/04/2014,26/04/2022,Tuesday,April,4
Blakelee Monery,04/12/2013,04/12/2022,Friday,December,48
Jacenta Cowton,18/06/2013,18/06/2022,Friday,June,30
Karlyn Westmoreland,10/06/2015,10/06/2022,Friday,June,30
Yancey Bachellier,01/02/2015,01/02/2022,Tuesday,February,13
Nerte Lissandrini,09/12/2011,09/12/2022,Friday,December,48
Dorolice Crosthwaite,06/01/2015,06/01/2022,Thursday,January,6
Brantley Thorley,02/03/2012,02/03/2022,Wednesday,March,6
Robin Cypler,31/01/2015,31/01/2022,Monday,January,14
Phillie Allsepp,29/06/2012,29/06/2022,Wednesday,June,15
Toddie Artz,09/07/2013,09/07/2022,Friday,July,49
Marje Antoshin,26/12/2014,26/12/2022,Monday,December,20
Rochella Blazdell,31/03/2015,31/03/2022,Thursday,March,19
Aryn Thursfield,25/02/2015,25/02/2022,Friday,February,31
Isaiah Antowski,12/01/2014,12/01/2022,Wednesday,January,14
Helli Owbridge,05/08/2014,05/08/2022,Friday,August,24
Hadrian Scourgie,20/03/2012,20/03/2022,Friday,March,31
Toddie Nanetti,04/10/2013,04/10/2022,Tuesday,October,9
Inger Sugar,25/11/2011,25/11/2022,Friday,November,39
Lezlie Meyer,19/03/2015,19/03/2022,Friday,March,31
Rowland Krinks,22/12/2014,22/12/2022,Thursday,December,20
Fair Baumber,13/09/2011,13/09/2022,Tuesday,September,12
Ekaterina Graver,17/10/2013,17/10/2022,Monday,October,14
Farris Spear,03/03/2014,03/03/2022,Thursday,March,19
Shanie Croisier,09/02/2014,09/02/2022,Wednesday,February,8
Fredric Skerme,12/03/2012,12/03/2022,Friday,March,31
Christoph Udall,15/10/2011,15/10/2022,Friday,October,27
Jared Koba,15/01/2012,15/01/2022,Friday,January,30
Lucina Gouley,16/02/2014,16/02/2022,Wednesday,February,8
Milka Fosbraey,30/10/2011,30/10/2022,Friday,October,27
Iseabal Aldwinckle,08/03/2013,08/03/2022,Tuesday,March,13
Colet Featherstonehaugh,07/07/2012,07/07/2022,Thursday,July,12
Jewelle Skaif,19/01/2015,19/01/2022,Wednesday,January,14
Brose Plumridge,30/12/2012,30/12/2022,Friday,December,48
Dotty Oldknow,22/12/2013,22/12/2022,Thursday,December,20
Stacy Conneely,13/10/2013,13/10/2022,Thursday,October,14
Iona Ballister,20/06/2014,20/06/2022,Monday,June,9
Windy Curgenuer,28/10/2013,28/10/2022,Friday,October,27
Kienan Echalie,19/12/2014,19/12/2022,Monday,December,20
Nollie Curley,29/11/2013,29/11/2022,Tuesday,November,12
Joelle McGrory,23/06/2012,23/06/2022,Thursday,June,12
Pooh Schmidt,05/06/2012,05/06/2022,Friday,June,30
Coral Phelipeaux,04/01/2012,04/01/2022,Tuesday,January,12
Gifford McKeachie,21/11/2014,21/11/2022,Monday,November,11
Orelee Videan,05/10/2013,05/10/2022,Wednesday,October,13
Toiboid Scamerden,05/11/2013,05/11/2022,Friday,November,39
Shirline Longstaff,13/07/2013,13/07/2022,Wednesday,July,19
Hurley D'Alessandro,16/01/2014,16/01/2022,Friday,January,30
Orelia Di Domenico,07/11/2014,07/11/2022,Monday,November,11
Glynda O'Corrin,14/02/2013,14/02/2022,Monday,February,12
Bailie Caraher,05/10/2013,05/10/2022,Wednesday,October,13
Elizabeth Pattenden,07/06/2013,07/06/2022,Tuesday,June,11
Florian Lardnar,04/08/2014,04/08/2022,Thursday,August,10
Chantal Caherny,20/11/2012,20/11/2022,Friday,November,39
Sasha McMenamin,23/04/2012,23/04/2022,Friday,April,56
Ivar Verbeek,26/12/2011,26/12/2022,Monday,December,20
Jamaal Challicombe,02/04/2013,02/04/2022,Friday,April,56
Cello Milnes,08/03/2013,08/03/2022,Tuesday,March,13
Leese Leinster,05/11/2012,05/11/2022,Friday,November,39
Aleece Bernardet,09/01/2015,09/01/2022,Friday,January,30
Archibaldo Penwell,15/07/2012,15/07/2022,Friday,July,49
Berkly Dodding,14/10/2014,14/10/2022,Friday,October,27
Ynez Stive,18/05/2015,18/05/2022,Wednesday,May,8
Francene Ebbin,16/09/2012,16/09/2022,Friday,September,41
Ilise Bowring,12/11/2011,12/11/2022,Friday,November,39
Clo Knoton,25/04/2014,25/04/2022,Monday,April,10
Guthrie Valti,06/05/2014,06/05/2022,Friday,May,30
Stacey Whartonby,05/02/2013,05/02/2022,Friday,February,31
Ernesta Siggers,04/07/2015,04/07/2022,Monday,July,11
Denice Espinet,05/05/2013,05/05/2022,Thursday,May,12
Antin Luesley,17/04/2012,17/04/2022,Friday,April,56
Alon Brash,23/09/2011,23/09/2022,Friday,September,41
Harlen Penke,04/08/2014,04/08/2022,Thursday,August,10
Pyotr Anten,06/01/2012,06/01/2022,Thursday,January,6
Sean Skelton,03/10/2011,03/10/2022,Monday,October,14
Cary Johanssen,19/07/2013,19/07/2022,Tuesday,July,12
Yuri Keywood,10/11/2013,10/11/2022,Thursday,November,13
Ronnie Narducci,01/02/2015,01/02/2022,Tuesday,February,13
Chucho Longmore,15/04/2013,15/04/2022,Friday,April,56
Caleb Kupka,15/03/2014,15/03/2022,Tuesday,March,13
Robbin Harmant,10/01/2015,10/01/2022,Monday,January,14
Gaylor Shotboult,03/02/2014,03/02/2022,Thursday,February,12
Lamont Tolefree,17/08/2012,17/08/2022,Wednesday,August,10
Wood Upjohn,07/06/2012,07/06/2022,Tuesday,June,11
Brady Seeds,15/08/2012,15/08/2022,Monday,August,12
Selma Litherborough,20/03/2014,20/03/2022,Friday,March,31
Carly Peasee,05/07/2014,05/07/2022,Tuesday,July,12
Rose Artinstall,29/05/2014,29/05/2022,Friday,May,30
Hi Oleksiak,06/06/2013,06/06/2022,Monday,June,9
Berti Smardon,26/03/2014,26/03/2022,Friday,March,31
Lorraine Halbard,20/07/2013,20/07/2022,Wednesday,July,19
Aldis Sherewood,21/08/2013,21/08/2022,Friday,August,24
Rabbi McGourty,16/06/2013,16/06/2022,Thursday,June,12
Julietta Layson,20/05/2014,20/05/2022,Friday,May,30
Graehme Ditch,07/04/2015,07/04/2022,Thursday,April,11
Benetta Zanussii,30/07/2012,30/07/2022,Friday,July,49
Pandora Seelbach,20/05/2014,20/05/2022,Friday,May,30
Hatty Crotty,22/09/2013,22/09/2022,Thursday,September,14
Tessa Pogue,23/06/2015,23/06/2022,Thursday,June,12
Grantley Doogan,02/07/2014,02/07/2022,Friday,July,49
Sunny Lanning,28/12/2014,28/12/2022,Wednesday,December,9
L;urette Applegarth,10/09/2012,10/09/2022,Friday,September,41
Wendy Oscroft,03/01/2015,03/01/2022,Monday,January,14
Ev Baldack,23/04/2015,23/04/2022,Friday,April,56
Jania Pesek,08/04/2012,08/04/2022,Friday,April,56
Kelley Shenton,31/12/2012,31/12/2022,Friday,December,48
Doralynne Sekulla,14/03/2015,14/03/2022,Monday,March,8
Price Harrald,30/03/2013,30/03/2022,Wednesday,March,6
Allen Welburn,05/11/2014,05/11/2022,Friday,November,39
Merwin Doag,29/04/2015,29/04/2022,Friday,April,56
Jeannette Symonds,23/10/2012,23/10/2022,Friday,October,27
Valaree Heckner,30/04/2012,30/04/2022,Friday,April,56
Gussie Palmar,21/05/2014,21/05/2022,Friday,May,30
Yehudi Beggan,19/10/2013,19/10/2022,Wednesday,October,13
Drusilla Tuson,14/10/2014,14/10/2022,Friday,October,27
Alanah Dowtry,25/08/2014,25/08/2022,Thursday,August,10
Kathlin Cobleigh,26/02/2015,26/02/2022,Friday,February,31
Layne Curston,29/12/2013,29/12/2022,Thursday,December,20
Idell Shropshire,02/05/2015,02/05/2022,Monday,May,7
Kimbra Whelan,25/10/2013,25/10/2022,Tuesday,October,9
Nadean Godsell,27/02/2013,27/02/2022,Friday,February,31
Katinka Liger,25/01/2013,25/01/2022,Tuesday,January,12
Fallon Kettles,24/06/2013,24/06/2022,Friday,June,30
Tally Powland,02/07/2015,02/07/2022,Friday,July,49
Nolan Jerosch,31/10/2014,31/10/2022,Monday,October,14
Viva Yukhnini,04/12/2011,04/12/2022,Friday,December,48
Nevile Jurewicz,25/03/2014,25/03/2022,Friday,March,31
Brand Kaes,24/03/2014,24/03/2022,Thursday,March,19
Celine De la Yglesia,13/01/2012,13/01/2022,Thursday,January,6
Adrian Snary,22/07/2013,22/07/2022,Friday,July,49
Anny Casterot,26/01/2015,26/01/2022,Wednesday,January,14
Jacques Cosins,01/02/2012,01/02/2022,Tuesday,February,13
Lauretta Greenhalf,08/09/2013,08/09/2022,Thursday,September,14
Ettie Condie,23/10/2012,23/10/2022,Friday,October,27
Tailor Fellows,26/07/2012,26/07/2022,Tuesday,July,12
Iago Szimon,31/08/2014,31/08/2022,Wednesday,August,10
Howard Kittow,09/04/2014,09/04/2022,Friday,April,56
Smith Okenden,31/12/2012,31/12/2022,Friday,December,48
West Kibby,20/11/2013,20/11/2022,Friday,November,39
Perren Randalston,03/09/2013,03/09/2022,Friday,September,41
Garnette Chiese,28/03/2014,28/03/2022,Monday,March,8
Mace Huntingdon,17/05/2012,17/05/2022,Tuesday,May,15
Konstantine Parysowna,01/06/2015,01/06/2022,Wednesday,June,15
Cristina Oseman,28/03/2012,28/03/2022,Monday,March,8
Finley McClements,18/08/2013,18/08/2022,Thursday,August,10
Vic Barends,24/09/2014,24/09/2022,Friday,September,41
Bartholomew Coyle,14/10/2011,14/10/2022,Friday,October,27
Krystal Dunlea,29/05/2012,29/05/2022,Friday,May,30
Mireielle Lundy,19/07/2014,19/07/2022,Tuesday,July,12
Sharla Almond,16/11/2011,16/11/2022,Wednesday,November,17
Sibeal Templeton,22/07/2012,22/07/2022,Friday,July,49
Pearce Clayworth,19/03/2012,19/03/2022,Friday,March,31
Sheelah Greder,29/11/2012,29/11/2022,Tuesday,November,12
Joly Wybrow,08/01/2015,08/01/2022,Friday,January,30
Bondon Antonazzi,09/02/2012,09/02/2022,Wednesday,February,8
Gwen Biglin,18/01/2012,18/01/2022,Tuesday,January,12
Kip Blowen,19/07/2015,19/07/2022,Tuesday,July,12
Moises Orrocks,30/11/2012,30/11/2022,Wednesday,November,17
Norbie Shoveller,18/12/2012,18/12/2022,Friday,December,48
Matty Piperley,14/06/2014,14/06/2022,Tuesday,June,11
Wileen Scamadine,15/02/2015,15/02/2022,Tuesday,February,13
Armstrong Batiste,15/04/2012,15/04/2022,Friday,April,56
Daisey Blanning,27/11/2012,27/11/2022,Friday,November,39
Jammal Ouchterlony,24/02/2015,24/02/2022,Thursday,February,12
Cynthea Whittier,04/11/2014,04/11/2022,Friday,November,39
Templeton Reynard,19/12/2014,19/12/2022,Monday,December,20
Baron Sarre,30/12/2014,30/12/2022,Friday,December,48
Rex Adds,26/12/2014,26/12/2022,Monday,December,20
Oberon Pollie,22/09/2011,22/09/2022,Thursday,September,14
Dorita Messitt,17/03/2015,17/03/2022,Thursday,March,19
Floria Kitlee,06/07/2012,06/07/2022,Wednesday,July,19
James Bartles,12/01/2012,12/01/2022,Wednesday,January,14
Jay Yashaev,31/01/2013,31/01/2022,Monday,January,14
Leshia Sanderson,27/09/2013,27/09/2022,Tuesday,September,12
Tiffy Glanz,15/06/2015,15/06/2022,Wednesday,June,15
Kizzie Dod,05/10/2014,05/10/2022,Wednesday,October,13
Madlen Lethardy,18/03/2014,18/03/2022,Friday,March,31
Estella Brende,16/02/2014,16/02/2022,Wednesday,February,8
Grover Barstock,15/08/2013,15/08/2022,Monday,August,12
Amalee Marquiss,15/12/2011,15/12/2022,Thursday,December,20
Megan Blyth,22/04/2012,22/04/2022,Friday,April,56
Willette Fibbit,02/12/2013,02/12/2022,Friday,December,48
Calida Dymond,11/08/2015,11/08/2022,Thursday,August,10
Aharon Ricardin,02/03/2013,02/03/2022,Wednesday,March,6
Maurits Petyanin,25/12/2013,25/12/2022,Friday,December,48
Ermanno Polglaze,24/08/2013,24/08/2022,Wednesday,August,10
Ancell Borrel,24/04/2012,24/04/2022,Friday,April,56
Keven Latchford,05/09/2013,05/09/2022,Monday,September,7
Rona Hammill,25/10/2011,25/10/2022,Tuesday,October,9
Evita Sirett,13/03/2014,13/03/2022,Friday,March,31
Lorry Sarle,29/05/2015,29/05/2022,Friday,May,30
Kate Fannon,27/02/2014,27/02/2022,Friday,February,31
Paulina Vale,23/11/2014,23/11/2022,Wednesday,November,17
Earl Kelleway,06/11/2013,06/11/2022,Friday,November,39
Culver Daburn,11/05/2014,11/05/2022,Wednesday,May,8
Antonie Worcester,15/02/2015,15/02/2022,Tuesday,February,13
Magda Cullrford,04/02/2012,04/02/2022,Friday,February,31
Jeremiah Diack,27/04/2012,27/04/2022,Wednesday,April,12
Lynett Dibdin,08/06/2012,08/06/2022,Wednesday,June,15
Trace Neenan,20/09/2011,20/09/2022,Tuesday,September,12
Miran Gowans,08/01/2015,08/01/2022,Friday,January,30
Orsa Orrey,30/07/2015,30/07/2022,Friday,July,49
Gillie Bermingham,23/06/2014,23/06/2022,Thursday,June,12
Mikaela Madgwick,05/12/2012,05/12/2022,Monday,December,20
Maximo Greenin,07/04/2013,07/04/2022,Thursday,April,11
Daron Fellis,11/05/2013,11/05/2022,Wednesday,May,8
Dorothea Haselwood,23/04/2014,23/04/2022,Friday,April,56
Pernell Howgego,25/11/2013,25/11/2022,Friday,November,39
Jaimie Bebbell,22/03/2013,22/03/2022,Tuesday,March,13
Rici Dohms,09/04/2013,09/04/2022,Friday,April,56
Oralla Braffington,01/09/2011,01/09/2022,Thursday,September,14
Elisa Whiteley,05/09/2014,05/09/2022,Monday,September,7
Emalia Kynson,15/05/2015,15/05/2022,Friday,May,30
Kakalina Standbrook,23/07/2012,23/07/2022,Friday,July,49
Billy Dionis,12/12/2013,12/12/2022,Monday,December,20
Kit Fishbourn,01/04/2014,01/04/2022,Friday,April,56
Sayer Romain,11/04/2014,11/04/2022,Monday,April,10
Welby Dymott,15/04/2012,15/04/2022,Friday,April,56
Darci Brozsset,31/12/2012,31/12/2022,Friday,December,48
Emelyne Pierro,14/08/2012,14/08/2022,Friday,August,24
Afton Ninotti,16/12/2013,16/12/2022,Friday,December,48
Sofie Duinbleton,28/08/2015,28/08/2022,Friday,August,24
Franciskus Brittles,25/01/2013,25/01/2022,Tuesday,January,12
Darline Glandon,11/09/2013,11/09/2022,Friday,September,41
Adara Beringer,01/09/2011,01/09/2022,Thursday,September,14
Maddie Kennard,15/04/2015,15/04/2022,Friday,April,56
Bobbe Rangall,22/01/2015,22/01/2022,Friday,January,30
Osgood Darnborough,20/07/2013,20/07/2022,Wednesday,July,19
Cory Shackle,31/07/2012,31/07/2022,Friday,July,49
Denna Bulluck,20/10/2011,20/10/2022,Thursday,October,14
Jocelin Slora,11/09/2012,11/09/2022,Friday,September,41
Woodman Cockman,09/12/2012,09/12/2022,Friday,December,48
Wain Jime,20/12/2011,20/12/2022,Tuesday,December,8
Twila Bradmore,01/10/2014,01/10/2022,Friday,September,41
Marcus Lemery,26/11/2012,26/11/2022,Friday,November,39
Alia Whayman,06/07/2015,06/07/2022,Wednesday,July,19
Maximilien Shipcott,20/10/2014,20/10/2022,Thursday,October,14
Robina Exroll,01/06/2015,01/06/2022,Wednesday,June,15
Walt De Ferraris,31/03/2012,31/03/2022,Thursday,March,19
Alf Stiff,04/10/2014,04/10/2022,Tuesday,October,9
Vernon Yateman,12/02/2012,12/02/2022,Friday,February,31
Von Kearton,23/06/2015,23/06/2022,Thursday,June,12
Dacie Hunnam,16/05/2014,16/05/2022,Monday,May,7
Silvie Lepere,24/02/2012,24/02/2022,Thursday,February,12
Thorpe Trudgion,08/07/2015,08/07/2022,Friday,July,49
Lucais Hyrons,11/11/2013,11/11/2022,Friday,November,39
Matthieu Hoyer,04/09/2012,04/09/2022,Friday,September,41
Reine Djorvic,08/12/2013,08/12/2022,Thursday,December,20
Saree Farquhar,28/03/2013,28/03/2022,Monday,March,8
Sallyann Tawse,10/07/2014,10/07/2022,Friday,July,49
Victor Stonham,25/01/2013,25/01/2022,Tuesday,January,12
Corella Thumnel,14/05/2015,14/05/2022,Friday,May,30
Andy Philipard,12/06/2015,12/06/2022,Friday,June,30
Idette Bande,04/05/2014,04/05/2022,Wednesday,May,8
Allyn Wheldon,21/12/2014,21/12/2022,Wednesday,December,9
Leslie Rontree,17/07/2013,17/07/2022,Friday,July,49
Bibbie Bortolomei,14/11/2012,14/11/2022,Monday,November,11
Bartolemo Cleave,12/02/2013,12/02/2022,Friday,February,31
Korry Leirmonth,10/02/2012,10/02/2022,Thursday,February,12
Aridatha Bonicelli,03/11/2011,03/11/2022,Thursday,November,13
Twila Grinley,03/12/2013,03/12/2022,Friday,December,48
Lettie Pennyman,19/07/2012,19/07/2022,Tuesday,July,12
Blake MacIlhargy,21/08/2014,21/08/2022,Friday,August,24
Daniele McCloy,11/07/2013,11/07/2022,Monday,July,11
Felizio Weinmann,29/11/2011,29/11/2022,Tuesday,November,12
Ilsa Tettley,11/09/2013,11/09/2022,Friday,September,41
Ardyce Meriton,23/07/2012,23/07/2022,Friday,July,49
Shandee Scard,21/11/2014,21/11/2022,Monday,November,11
Cristionna Hegden,03/07/2015,03/07/2022,Friday,July,49
Mignonne Dumsday,29/05/2015,29/05/2022,Friday,May,30
Raynell Behneke,24/12/2014,24/12/2022,Friday,December,48
Adina Gawthorpe,15/02/2013,15/02/2022,Tuesday,February,13
Sheff De Andreis,12/10/2013,12/10/2022,Wednesday,October,13
Mab Canepe,11/12/2011,11/12/2022,Friday,December,48
Dynah Petrillo,16/08/2013,16/08/2022,Tuesday,August,15
Leroi Crumpe,06/05/2012,06/05/2022,Friday,May,30
Lynnett Gierardi,13/12/2013,13/12/2022,Tuesday,December,8
Winny Scoggans,29/03/2012,29/03/2022,Tuesday,March,13
Shirlene Palluschek,10/06/2012,10/06/2022,Friday,June,30
Zarah Symington,01/01/2012,01/01/2022,Friday,December,48
Bernete Westoff,02/10/2014,02/10/2022,Friday,September,41
Marlowe Daniell,03/03/2014,03/03/2022,Thursday,March,19
Berkly Stanett,27/03/2015,27/03/2022,Friday,March,31
Dominga Peat,15/02/2014,15/02/2022,Tuesday,February,13
Karlotte Vaudre,03/10/2011,03/10/2022,Monday,October,14
Carmelina Ashbridge,08/09/2012,08/09/2022,Thursday,September,14
Ricardo Barmby,20/11/2014,20/11/2022,Friday,November,39
Alyson Lindsell,06/07/2012,06/07/2022,Wednesday,July,19
Valentine McPherson,04/03/2012,04/03/2022,Friday,March,31
Analiese Bliven,07/11/2013,07/11/2022,Monday,November,11
Nathanial Matczak,27/08/2013,27/08/2022,Friday,August,24
Lanny Alyukin,10/11/2012,10/11/2022,Thursday,November,13
Emmott Barnaby,05/11/2014,05/11/2022,Friday,November,39
Trudey Skarman,05/06/2014,05/06/2022,Friday,June,30
Daloris Skillicorn,09/12/2013,09/12/2022,Friday,December,48
Ranna Eagland,29/08/2013,29/08/2022,Monday,August,12
Amitie McGairl,12/02/2015,12/02/2022,Friday,February,31
Karissa Dickon,03/12/2012,03/12/2022,Friday,December,48
Laural Hexum,06/09/2012,06/09/2022,Tuesday,September,12
Quinlan Franckton,26/12/2014,26/12/2022,Monday,December,20
Anissa Semerad,10/01/2013,10/01/2022,Monday,January,14
Aland Ashlee,13/07/2012,13/07/2022,Wednesday,July,19
Chickie Asch,12/12/2012,12/12/2022,Monday,December,20
Linda Haberjam,06/10/2011,06/10/2022,Thursday,October,14
Ad Falco,17/07/2013,17/07/2022,Friday,July,49
Care Reihill,03/05/2013,03/05/2022,Tuesday,May,15
Odelia Bayston,19/12/2011,19/12/2022,Monday,December,20
Tedi Nekrews,03/03/2013,03/03/2022,Thursday,March,19
Adore Rowan,30/04/2012,30/04/2022,Friday,April,56
Thorn Blencowe,19/02/2014,19/02/2022,Friday,February,31
Prudy Duetsche,01/08/2015,01/08/2022,Monday,August,12
Ariana Shearmer,20/04/2015,20/04/2022,Wednesday,April,12
Karoline Gash,06/06/2012,06/06/2022,Monday,June,9
Liam Sings,15/12/2012,15/12/2022,Thursday,December,20
Denise Huckleby,01/10/2012,01/10/2022,Friday,September,41
Truda Welband,04/01/2014,04/01/2022,Tuesday,January,12
Kelcey Dragonette,23/06/2012,23/06/2022,Thursday,June,12
Bridgette Hachard,21/05/2012,21/05/2022,Friday,May,30
Joy Brobeck,10/03/2013,10/03/2022,Thursday,March,19
Kimbra Yuille,13/03/2013,13/03/2022,Friday,March,31
Harold Dunckley,17/01/2014,17/01/2022,Monday,January,14
Tabbie Edgar,02/10/2011,02/10/2022,Friday,September,41
Nataniel Capinetti,23/08/2012,23/08/2022,Tuesday,August,15
Aldus Lindro,21/10/2011,21/10/2022,Friday,October,27
Shaylah Bottle,06/07/2014,06/07/2022,Wednesday,July,19
Pammie Maxweell,11/11/2013,11/11/2022,Friday,November,39
Ericka Ebourne,28/02/2012,28/02/2022,Monday,February,12
Trstram Macci,16/04/2013,16/04/2022,Friday,April,56
Malory Jonk,10/04/2012,10/04/2022,Friday,April,56
Jammal Reubens,28/05/2012,28/05/2022,Friday,May,30
Ramsay Wither,14/06/2012,14/06/2022,Tuesday,June,11
Yoshiko Dies,11/03/2013,11/03/2022,Friday,March,31
Nicky Rawes,13/02/2012,13/02/2022,Friday,February,31
Bourke Upson,10/10/2011,10/10/2022,Monday,October,14
Bernetta Barkaway,23/01/2013,23/01/2022,Friday,January,30
Cynthie Marthen,26/08/2014,26/08/2022,Friday,August,24
Patricio Meakin,17/11/2012,17/11/2022,Thursday,November,13
Ivonne World,06/10/2011,06/10/2022,Thursday,October,14
Joey McJury,24/03/2012,24/03/2022,Thursday,March,19
Tammie Alabone,08/12/2013,08/12/2022,Thursday,December,20
Emmie Laba,07/04/2013,07/04/2022,Thursday,April,11
Blinny Upwood,15/03/2013,15/03/2022,Tuesday,March,13
Carmine Budd,03/05/2012,03/05/2022,Tuesday,May,15
Walker Capron,30/08/2015,30/08/2022,Tuesday,August,15
Hollyanne Tomaszewicz,03/05/2014,03/05/2022,Tuesday,May,15
Johna Kordova,29/11/2012,29/11/2022,Tuesday,November,12
Brit Craze,29/12/2012,29/12/2022,Thursday,December,20
Babs Swaysland,21/04/2013,21/04/2022,Thursday,April,11
Ronica Proppers,07/03/2015,07/03/2022,Monday,March,8
Sasha Corsor,09/08/2013,09/08/2022,Tuesday,August,15
Grethel Husset,07/08/2015,07/08/2022,Friday,August,24
Lotta Ucceli,17/06/2015,17/06/2022,Friday,June,30
Gerrie Bonehill,05/11/2012,05/11/2022,Friday,November,39
Buckie Ezzle,29/08/2015,29/08/2022,Monday,August,12
Kizzie Columbine,30/06/2012,30/06/2022,Thursday,June,12
Bobbie Cobbing,28/09/2012,28/09/2022,Wednesday,September,7
Dasha Traite,08/04/2014,08/04/2022,Friday,April,56
Janetta Dressell,26/08/2015,26/08/2022,Friday,August,24
Randall Barnfield,05/02/2012,05/02/2022,Friday,February,31
Vonni Mullin,21/03/2013,21/03/2022,Monday,March,8
Reg Watting,19/02/2012,19/02/2022,Friday,February,31
Stanley Monks,15/01/2012,15/01/2022,Friday,January,30
Cori Oolahan,25/11/2012,25/11/2022,Friday,November,39
Killian Cater,23/01/2015,23/01/2022,Friday,January,30
Angil Grundy,24/12/2011,24/12/2022,Friday,December,48
Winston Coltan,29/07/2013,29/07/2022,Friday,July,49
Elianora Killshaw,07/04/2014,07/04/2022,Thursday,April,11
Elsa Yakutin,03/07/2012,03/07/2022,Friday,July,49
Melodie Maine,15/10/2011,15/10/2022,Friday,October,27
Gena Hollyman,14/01/2013,14/01/2022,Friday,January,30
Vallie Beetles,21/05/2015,21/05/2022,Friday,May,30
Jada Lindenman,04/09/2014,04/09/2022,Friday,September,41
Consolata Augur,09/09/2013,09/09/2022,Friday,September,41
Gail Farnish,06/11/2012,06/11/2022,Friday,November,39
Jdavie Chard,20/07/2013,20/07/2022,Wednesday,July,19
Hartwell Drakeley,21/01/2014,21/01/2022,Friday,January,30
Tanitansy Lowther,04/12/2012,04/12/2022,Friday,December,48
Cherie Himsworth,02/12/2011,02/12/2022,Friday,December,48
Pail Weadick,21/04/2015,21/04/2022,Thursday,April,11
Ivy Bridgen,06/03/2012,06/03/2022,Friday,March,31
Porty Lowdiane,31/01/2015,31/01/2022,Monday,January,14
Emylee Shawel,02/05/2014,02/05/2022,Monday,May,7
Hayward MacKellen,29/04/2014,29/04/2022,Friday,April,56
Charita Mabee,27/08/2013,27/08/2022,Friday,August,24
Lelah Huyghe,16/10/2011,16/10/2022,Friday,October,27
Audre Balsdon,16/10/2012,16/10/2022,Friday,October,27
Melesa Carillo,23/07/2013,23/07/2022,Friday,July,49
Penny Nertney,24/04/2012,24/04/2022,Friday,April,56
Devan Soppett,16/07/2015,16/07/2022,Friday,July,49
Philippe Plume,16/08/2013,16/08/2022,Tuesday,August,15
Hunt Zamboniari,01/12/2013,01/12/2022,Thursday,December,20
Ralina O'Lunny,29/05/2014,29/05/2022,Friday,May,30
Marianne Doig,08/11/2011,08/11/2022,Tuesday,November,12
Hildegaard Loveredge,03/02/2012,03/02/2022,Thursday,February,12
Renee Ingray,26/07/2012,26/07/2022,Tuesday,July,12
Stevana Baddiley,16/02/2015,16/02/2022,Wednesday,February,8
Rafaelita Punshon,09/11/2011,09/11/2022,Wednesday,November,17
Dacie Harnetty,24/03/2012,24/03/2022,Thursday,March,19
Davidde Linch,22/01/2015,22/01/2022,Friday,January,30
Helsa Parham,04/05/2014,04/05/2022,Wednesday,May,8
Gustave Pickervance,03/11/2012,03/11/2022,Thursday,November,13
Stearn Quilleash,18/09/2011,18/09/2022,Friday,September,41
Bernhard Pakes,09/04/2013,09/04/2022,Friday,April,56
Zebadiah Nudde,09/11/2011,09/11/2022,Wednesday,November,17
Edgardo Bickell,31/03/2014,31/03/2022,Thursday,March,19
Alane Biddiss,29/07/2012,29/07/2022,Friday,July,49
Marylynne Hinckesman,10/10/2014,10/10/2022,Monday,October,14
Leslie Hann,24/05/2013,24/05/2022,Tuesday,May,15
Johna Degue,17/02/2012,17/02/2022,Thursday,February,12
Leupold Paladino,30/04/2014,30/04/2022,Friday,April,56
Adham Purrier,17/05/2012,17/05/2022,Tuesday,May,15
Adlai Trippitt,22/08/2013,22/08/2022,Monday,August,12
Anthony Paolazzi,17/12/2013,17/12/2022,Friday,December,48
Muhammad Daysh,14/04/2015,14/04/2022,Thursday,April,11
Reyna Dudson,27/04/2015,27/04/2022,Wednesday,April,12
Olivia Elsay,29/06/2014,29/06/2022,Wednesday,June,15
Rica Greensitt,21/08/2013,21/08/2022,Friday,August,24
Puff Wattam,29/06/2013,29/06/2022,Wednesday,June,15
Claudina Biasetti,20/02/2014,20/02/2022,Friday,February,31
Terrance Sibary,04/06/2015,04/06/2022,Friday,June,30
Celinka Skey,23/09/2014,23/09/2022,Friday,September,41
Dew Bartlett,23/11/2014,23/11/2022,Wednesday,November,17
Gaye Dallison,26/05/2015,26/05/2022,Thursday,May,12
Terry Lillow,10/08/2013,10/08/2022,Wednesday,August,10
Shel Vice,23/01/2015,23/01/2022,Friday,January,30
Drucy Greet,18/10/2011,18/10/2022,Tuesday,October,9
Ingelbert Sessuns,14/07/2013,14/07/2022,Thursday,July,12
Zak Lillee,26/08/2013,26/08/2022,Friday,August,24
Mirilla Davidow,21/11/2014,21/11/2022,Monday,November,11
Buiron Crauford,18/03/2012,18/03/2022,Friday,March,31
Gizela Oke,30/04/2015,30/04/2022,Friday,April,56
Candace Glowacz,03/01/2015,03/01/2022,Monday,January,14
Rockey Center,30/01/2014,30/01/2022,Friday,January,30
Lannie Bessey,06/02/2012,06/02/2022,Friday,February,31
Blanche Edling,02/11/2012,02/11/2022,Wednesday,November,17
Yevette Crimpe,15/04/2015,15/04/2022,Friday,April,56
Kimmy Brody,13/03/2012,13/03/2022,Friday,March,31
Burnaby Gosby,09/09/2013,09/09/2022,Friday,September,41
Bearnard Swainston,11/01/2013,11/01/2022,Tuesday,January,12
Chrissie Torrans,02/08/2014,02/08/2022,Tuesday,August,15
Marc Bailey,28/09/2014,28/09/2022,Wednesday,September,7
Merl Pudner,03/10/2014,03/10/2022,Monday,October,14
Ivar Noddings,05/05/2013,05/05/2022,Thursday,May,12
Maryjo Dewicke,09/02/2012,09/02/2022,Wednesday,February,8
Kippar Lambrecht,24/06/2012,24/06/2022,Friday,June,30
Donielle Selwyne,03/03/2015,03/03/2022,Thursday,March,19
Kerstin Escreet,28/10/2013,28/10/2022,Friday,October,27
Theresina Woolnough,19/09/2014,19/09/2022,Monday,September,7
Marie Antuk,11/08/2015,11/08/2022,Thursday,August,10
Dolorita Borrows,20/11/2011,20/11/2022,Friday,November,39
Cass Seivertsen,01/03/2015,01/03/2022,Tuesday,March,13
Trumaine Goncalo,09/01/2012,09/01/2022,Friday,January,30
Frank Mersh,04/09/2014,04/09/2022,Friday,September,41
Magdalene Treend,20/10/2011,20/10/2022,Thursday,October,14
Blanca Arnaez,27/04/2015,27/04/2022,Wednesday,April,12
Shirline Saben,07/02/2012,07/02/2022,Monday,February,12
Grace Fernie,20/06/2014,20/06/2022,Monday,June,9
Theda Ryam,15/06/2013,15/06/2022,Wednesday,June,15
Ginny Sebyer,22/12/2014,22/12/2022,Thursday,December,20
Jesse Worsall,24/04/2015,24/04/2022,Friday,April,56
Sammy Ferrarotti,23/07/2013,23/07/2022,Friday,July,49
Alta Ianittello,03/01/2013,03/01/2022,Monday,January,14
Joye Sleit,29/07/2013,29/07/2022,Friday,July,49
Hanny Cullity,01/07/2015,01/07/2022,Friday,July,49
Fair Brandi,14/06/2012,14/06/2022,Tuesday,June,11
Derry Crowest,02/08/2015,02/08/2022,Tuesday,August,15
Sasha Tukesby,19/05/2013,19/05/2022,Thursday,May,12
Jeffry De Blasio,09/06/2012,09/06/2022,Thursday,June,12
Mildrid Blurton,04/07/2013,04/07/2022,Monday,July,11
Benedetto Staker,11/09/2012,11/09/2022,Friday,September,41
Yalonda Cranch,08/04/2015,08/04/2022,Friday,April,56
Andeee Dorrity,25/07/2015,25/07/2022,Monday,July,11
Aron Cosslett,16/07/2013,16/07/2022,Friday,July,49
Agretha Ivanchikov,23/09/2011,23/09/2022,Friday,September,41
Desirae Tondeur,15/07/2014,15/07/2022,Friday,July,49
De witt Moorton,06/06/2014,06/06/2022,Monday,June,9
Etti Ehlerding,23/11/2012,23/11/2022,Wednesday,November,17
Stavros Rhead,20/11/2014,20/11/2022,Friday,November,39
Ansley Took,17/08/2015,17/08/2022,Wednesday,August,10
Langston Janjic,06/01/2014,06/01/2022,Thursday,January,6
Yasmin Jinkins,04/09/2011,04/09/2022,Friday,September,41
Corry Lassells,24/11/2011,24/11/2022,Thursday,November,13
Kareem Shieldon,11/04/2012,11/04/2022,Monday,April,10
Blair Troyes,19/12/2013,19/12/2022,Monday,December,20
Ivy Briscam,07/01/2014,07/01/2022,Friday,January,30
Billie Keyte,10/04/2013,10/04/2022,Friday,April,56
Rhodie Lissimore,09/01/2012,09/01/2022,Friday,January,30
Jeannie Clausen-Thue,17/12/2012,17/12/2022,Friday,December,48
Lonnard Stivey,02/05/2014,02/05/2022,Monday,May,7
Jany Batcock,13/09/2012,13/09/2022,Tuesday,September,12
Demetris Aslett,23/07/2013,23/07/2022,Friday,July,49
Tammy Elcombe,13/07/2013,13/07/2022,Wednesday,July,19
Eddy O'Gaven,26/08/2013,26/08/2022,Friday,August,24
Stacee Martine,06/09/2013,06/09/2022,Tuesday,September,12
Vivyanne Aughtie,23/06/2013,23/06/2022,Thursday,June,12
Flinn Tollfree,12/03/2013,12/03/2022,Friday,March,31
Indira Verna,24/06/2012,24/06/2022,Friday,June,30
Maximilianus Hannam,11/12/2012,11/12/2022,Friday,December,48
Galvan Pioch,04/12/2013,04/12/2022,Friday,December,48
Margi Sentance,26/04/2015,26/04/2022,Tuesday,April,4
Ches Thornebarrow,14/01/2014,14/01/2022,Friday,January,30
Evelin Myott,02/08/2015,02/08/2022,Tuesday,August,15
Emmalyn Piegrome,18/12/2014,18/12/2022,Friday,December,48
Lindy Wallman,27/11/2012,27/11/2022,Friday,November,39
Kori Feavers,07/12/2011,07/12/2022,Wednesday,December,9
Gussy Dowdell,08/07/2014,08/07/2022,Friday,July,49
Merci Tutsell,01/12/2014,01/12/2022,Thursday,December,20
Kameko Sherer,04/08/2012,04/08/2022,Thursday,August,10
Amye Barwis,05/06/2012,05/06/2022,Friday,June,30
Louisa McRamsey,23/08/2015,23/08/2022,Tuesday,August,15
Aveline Peggram,18/01/2015,18/01/2022,Tuesday,January,12
Valerie MacDonagh,04/07/2014,04/07/2022,Monday,July,11
Ileana Paolicchi,03/06/2012,03/06/2022,Friday,June,30
Warden McDonnell,23/12/2013,23/12/2022,Friday,December,48
Cristi Hargrove,16/08/2012,16/08/2022,Tuesday,August,15
Warde Fullwood,19/10/2011,19/10/2022,Wednesday,October,13
Tristan Parman,18/12/2012,18/12/2022,Friday,December,48
Patience Turfin,23/03/2012,23/03/2022,Wednesday,March,6
Melva Bradburn,01/07/2014,01/07/2022,Friday,July,49
Robinett Kingaby,27/02/2015,27/02/2022,Friday,February,31
Jennee Portch,01/04/2012,01/04/2022,Friday,April,56
Tomi Murrison,11/05/2015,11/05/2022,Wednesday,May,8
Freddi Phillps,10/11/2011,10/11/2022,Thursday,November,13
Hagan Rawne,04/10/2014,04/10/2022,Tuesday,October,9
Frieda Peart,02/03/2012,02/03/2022,Wednesday,March,6
Lucien Crean,08/12/2013,08/12/2022,Thursday,December,20
Gilemette Vezey,12/03/2013,12/03/2022,Friday,March,31
Janith Amburgy,17/04/2013,17/04/2022,Friday,April,56
Cross Oleksinski,14/01/2015,14/01/2022,Friday,January,30
Krystle Davage,27/07/2012,27/07/2022,Wednesday,July,19
Doria Oulet,28/07/2014,28/07/2022,Thursday,July,12
Normie Cleave,20/03/2015,20/03/2022,Friday,March,31
Waly Tomet,09/02/2014,09/02/2022,Wednesday,February,8
Wadsworth Gores,20/12/2011,20/12/2022,Tuesday,December,8
Kyrstin Liebermann,08/12/2011,08/12/2022,Thursday,December,20
Deni Baudin,03/11/2011,03/11/2022,Thursday,November,13
Ceciley Kubicki,28/07/2015,28/07/2022,Thursday,July,12
Jordanna Siley,22/04/2013,22/04/2022,Friday,April,56
Bobbette Whiteley,07/02/2013,07/02/2022,Monday,February,12
Peyton Addekin,11/05/2013,11/05/2022,Wednesday,May,8
Lief Barajaz,19/02/2012,19/02/2022,Friday,February,31
Esmaria Tawn,20/07/2013,20/07/2022,Wednesday,July,19
Suzanne Guiso,04/06/2013,04/06/2022,Friday,June,30
Korella Lavelle,12/05/2013,12/05/2022,Thursday,May,12
Harold Heminsley,16/10/2012,16/10/2022,Friday,October,27
Minnaminnie Vaneev,26/05/2014,26/05/2022,Thursday,May,12
Amitie Elvy,06/10/2013,06/10/2022,Thursday,October,14
Markus Madill,21/08/2014,21/08/2022,Friday,August,24
Carmon Phear,09/01/2013,09/01/2022,Friday,January,30
Freddie Eldered,25/06/2015,25/06/2022,Friday,June,30
Vallie Payton,08/10/2012,08/10/2022,Friday,October,27
Rafaello Shelp,25/12/2014,25/12/2022,Friday,December,48
Elana Dupree,09/04/2012,09/04/2022,Friday,April,56
Davita Reder,21/07/2013,21/07/2022,Thursday,July,12
Zedekiah Anstie,08/09/2011,08/09/2022,Thursday,September,14
Cassie Margaritelli,20/09/2011,20/09/2022,Tuesday,September,12
Sinclair Blacklock,05/05/2015,05/05/2022,Thursday,May,12
Farrell Nise,08/01/2013,08/01/2022,Friday,January,30
Georgena Richings,22/05/2015,22/05/2022,Friday,May,30
Kahlil Buie,28/09/2012,28/09/2022,Wednesday,September,7
Drusi Beckenham,14/04/2012,14/04/2022,Thursday,April,11
Bogey Andresen,23/01/2012,23/01/2022,Friday,January,30
Jobi Dreossi,15/04/2015,15/04/2022,Friday,April,56
Isacco Holston,28/06/2012,28/06/2022,Tuesday,June,11
Andris Somerbell,27/03/2015,27/03/2022,Friday,March,31
Casey Kelshaw,24/02/2015,24/02/2022,Thursday,February,12
Dru Lorryman,15/08/2012,15/08/2022,Monday,August,12
Gothart Duigan,19/02/2014,19/02/2022,Friday,February,31
Jarred Aggas,14/01/2014,14/01/2022,Friday,January,30
Emili Matyja,05/01/2013,05/01/2022,Wednesday,January,14
Sherilyn Jilkes,22/03/2012,22/03/2022,Tuesday,March,13
Jacklin Scoyne,29/01/2015,29/01/2022,Friday,January,30
Kip Bannell,18/10/2012,18/10/2022,Tuesday,October,9
Miles Pavitt,27/07/2015,27/07/2022,Wednesday,July,19
Hedvig Abbot,20/03/2014,20/03/2022,Friday,March,31
Melisa Fibbens,31/03/2015,31/03/2022,Thursday,March,19
Jecho Ebbrell,02/11/2014,02/11/2022,Wednesday,November,17
Barris Traves,18/11/2013,18/11/2022,Friday,November,39
Norrie Kencott,25/07/2012,25/07/2022,Monday,July,11
Randell Gummow,01/08/2013,01/08/2022,Monday,August,12
Robby Scrivener,19/11/2014,19/11/2022,Friday,November,39
Gonzales Blanchard,04/06/2013,04/06/2022,Friday,June,30
Marcela Gath,05/11/2011,05/11/2022,Friday,November,39
Meryl Laytham,22/11/2012,22/11/2022,Tuesday,November,12
Jacinda Gelderd,12/05/2015,12/05/2022,Thursday,May,12
Ilyssa Fortie,21/05/2015,21/05/2022,Friday,May,30
Pascale Casini,14/05/2013,14/05/2022,Friday,May,30
Katlin Maulden,19/02/2013,19/02/2022,Friday,February,31
Perkin Caughey,16/10/2012,16/10/2022,Friday,October,27
Leopold Banton,21/07/2012,21/07/2022,Thursday,July,12
Brittaney Cumberpatch,24/08/2013,24/08/2022,Wednesday,August,10
Glynda Lidierth,23/01/2015,23/01/2022,Friday,January,30
Lukas Gallon,12/12/2011,12/12/2022,Monday,December,20
Massimo Bedminster,13/04/2014,13/04/2022,Wednesday,April,12
Franciska Betonia,11/07/2012,11/07/2022,Monday,July,11
Kathrine Ducastel,10/05/2012,10/05/2022,Tuesday,May,15
Jaymee Mannakee,02/10/2012,02/10/2022,Friday,September,41
Cam Riccardini,01/02/2015,01/02/2022,Tuesday,February,13
Jamima Cossor,05/11/2013,05/11/2022,Friday,November,39
Red Braybrook,12/05/2012,12/05/2022,Thursday,May,12
Agnese Wahlberg,18/07/2013,18/07/2022,Monday,July,11
Erasmus Simmers,29/12/2014,29/12/2022,Thursday,December,20
Amye Berni,03/10/2014,03/10/2022,Monday,October,14
Korney Perring,23/09/2013,23/09/2022,Friday,September,41
Tiphany Yepiskov,27/06/2015,27/06/2022,Monday,June,9
Jeannette Kocher,07/07/2013,07/07/2022,Thursday,July,12
Brig Tremontana,01/03/2014,01/03/2022,Tuesday,March,13
Hiram Birkenshaw,03/07/2013,03/07/2022,Friday,July,49
Louis Gabbatiss,22/02/2012,22/02/2022,Tuesday,February,13
Christoforo Gillon,14/02/2012,14/02/2022,Monday,February,12
Tatum Daughton,08/04/2015,08/04/2022,Friday,April,56
Amberly Wones,22/07/2013,22/07/2022,Friday,July,49
Suzanna Richardeau,07/05/2013,07/05/2022,Friday,May,30
Jamima Heed,10/09/2011,10/09/2022,Friday,September,41
Sandy Helks,02/04/2013,02/04/2022,Friday,April,56
Gabbi Dowdell,22/06/2013,22/06/2022,Wednesday,June,15
Faustine Trimmell,22/12/2013,22/12/2022,Thursday,December,20
Keelia McBoyle,21/03/2015,21/03/2022,Monday,March,8
Wanids Jaffrey,12/07/2013,12/07/2022,Tuesday,July,12
Flint Donlon,10/03/2015,10/03/2022,Thursday,March,19
Emile Sprules,18/02/2014,18/02/2022,Friday,February,31
Ferne Poure,21/05/2015,21/05/2022,Friday,May,30
Antoine Haycox,14/09/2014,14/09/2022,Wednesday,September,7
Henka Tartt,31/05/2014,31/05/2022,Tuesday,May,15
Glennis Eastlake,25/10/2012,25/10/2022,Tuesday,October,9
Norris Denness,13/07/2014,13/07/2022,Wednesday,July,19
Michele Keford,15/03/2015,15/03/2022,Tuesday,March,13
Chere Vinson,04/03/2013,04/03/2022,Friday,March,31
Natalie Swynfen,06/10/2013,06/10/2022,Thursday,October,14
Zane Slaght,15/12/2011,15/12/2022,Thursday,December,20
Penni Nobriga,27/05/2014,27/05/2022,Friday,May,30
Deb Martina,22/03/2013,22/03/2022,Tuesday,March,13
Alix McGonnell,20/10/2012,20/10/2022,Thursday,October,14
Poppy Denniston,12/11/2012,12/11/2022,Friday,November,39
Dino Behr,20/12/2012,20/12/2022,Tuesday,December,8
Nikolai Paynton,06/04/2015,06/04/2022,Wednesday,April,12
Kalindi Abella,05/12/2011,05/12/2022,Monday,December,20
Lina Jedrzejczyk,13/09/2014,13/09/2022,Tuesday,September,12
Darrick Shellard,27/03/2013,27/03/2022,Friday,March,31
Eunice Brazur,16/01/2012,16/01/2022,Friday,January,30
Livvyy Vasquez,15/09/2011,15/09/2022,Thursday,September,14
Hyacintha Figgen,02/06/2012,02/06/2022,Thursday,June,12
Reggis Daniello,16/10/2014,16/10/2022,Friday,October,27
Braden Berrane,30/04/2015,30/04/2022,Friday,April,56
Gil Wyrall,13/12/2011,13/12/2022,Tuesday,December,8
Emylee Yurygyn,24/04/2014,24/04/2022,Friday,April,56
Rori Colvill,08/04/2014,08/04/2022,Friday,April,56
Margot Ibbitson,24/02/2015,24/02/2022,Thursday,February,12
Brenden Greengrass,20/11/2012,20/11/2022,Friday,November,39
Pepi Marte,30/12/2013,30/12/2022,Friday,December,48
Lindi Veare,27/08/2014,27/08/2022,Friday,August,24
Randi Slucock,16/08/2015,16/08/2022,Tuesday,August,15
Tate Guitton,09/07/2014,09/07/2022,Friday,July,49
Farris Queree,11/11/2013,11/11/2022,Friday,November,39
Janina Goulstone,20/06/2012,20/06/2022,Monday,June,9
Samara McCuaig,06/09/2012,06/09/2022,Tuesday,September,12
Austin Sangwin,07/07/2014,07/07/2022,Thursday,July,12
Jasmina Langforth,03/04/2012,03/04/2022,Friday,April,56
Marve Geaney,15/04/2014,15/04/2022,Friday,April,56
Alyda Drinkel,22/08/2012,22/08/2022,Monday,August,12
Karry McLean,05/10/2011,05/10/2022,Wednesday,October,13
Jorgan Beggan,28/02/2015,28/02/2022,Monday,February,12
Ned Mathouse,12/11/2013,12/11/2022,Friday,November,39
Harrietta Chumley,20/01/2012,20/01/2022,Thursday,January,6
Florida Forestall,02/11/2012,02/11/2022,Wednesday,November,17
Dodie Potteril,05/10/2011,05/10/2022,Wednesday,October,13
Lacey Addeycott,28/08/2013,28/08/2022,Friday,August,24
Yoshiko Cona,23/12/2011,23/12/2022,Friday,December,48
Maggi Readwood,07/02/2014,07/02/2022,Monday,February,12
Davon Regglar,27/12/2012,27/12/2022,Tuesday,December,8
Laird Dainty,27/06/2015,27/06/2022,Monday,June,9
Melvin Halfhyde,12/05/2012,12/05/2022,Thursday,May,12
Emlen Dumingo,19/11/2014,19/11/2022,Friday,November,39
Aliza Tarbett,06/04/2014,06/04/2022,Wednesday,April,12
Rosalynd Henrion,26/01/2013,26/01/2022,Wednesday,January,14
Agata Martyn,23/11/2013,23/11/2022,Wednesday,November,17
Basia Oswal,06/07/2015,06/07/2022,Wednesday,July,19
Trumaine Beggs,31/08/2012,31/08/2022,Wednesday,August,10
Loreen MacCauley,07/06/2015,07/06/2022,Tuesday,June,11
Lynea Zorzi,24/01/2013,24/01/2022,Monday,January,14
Hans Bolstridge,29/11/2012,29/11/2022,Tuesday,November,12
Irvine Roycroft,11/08/2013,11/08/2022,Thursday,August,10
Thorstein Valente,11/03/2014,11/03/2022,Friday,March,31
Rosemonde Grovier,07/04/2015,07/04/2022,Thursday,April,11
Pepe Elsey,04/12/2014,04/12/2022,Friday,December,48
Nick Jurzyk,26/12/2014,26/12/2022,Monday,December,20
Katharina Joscelyne,17/04/2014,17/04/2022,Friday,April,56
Skip Geipel,25/09/2014,25/09/2022,Friday,September,41
Parrnell Penrith,04/09/2011,04/09/2022,Friday,September,41
Reggis Ferandez,18/03/2014,18/03/2022,Friday,March,31
Valentine Bischof,28/06/2014,28/06/2022,Tuesday,June,11
Adah Townson,02/05/2013,02/05/2022,Monday,May,7
Andy Yosifov,15/06/2015,15/06/2022,Wednesday,June,15
Tracey Milham,02/01/2015,02/01/2022,Friday,December,48
Tammie Meynell,10/04/2014,10/04/2022,Friday,April,56
Haywood Tithecote,28/10/2013,28/10/2022,Friday,October,27
Caye Gove,13/08/2013,13/08/2022,Friday,August,24
Armstrong Nutman,05/01/2012,05/01/2022,Wednesday,January,14
Mariska Bront,20/09/2013,20/09/2022,Tuesday,September,12
Shina Ivanin,05/07/2013,05/07/2022,Tuesday,July,12
Vance Bissiker,26/06/2013,26/06/2022,Friday,June,30
Ebenezer Tussaine,28/02/2015,28/02/2022,Monday,February,12
Findley Enriques,17/01/2014,17/01/2022,Monday,January,14
Rosamond Belshaw,06/02/2014,06/02/2022,Friday,February,31
Barclay Fieldgate,30/04/2012,30/04/2022,Friday,April,56
Tammie O' Connell,29/12/2011,29/12/2022,Thursday,December,20
Jami Plunket,16/07/2014,16/07/2022,Friday,July,49
Stacee Spinetti,20/04/2015,20/04/2022,Wednesday,April,12
Correna Segrave,09/07/2013,09/07/2022,Friday,July,49
Gil Hele,03/05/2012,03/05/2022,Tuesday,May,15
Isaiah Doig,01/11/2013,01/11/2022,Tuesday,November,12
Davidson Quodling,19/06/2014,19/06/2022,Friday,June,30
Saul Swaby,28/07/2014,28/07/2022,Thursday,July,12
Melanie Glassard,22/08/2013,22/08/2022,Monday,August,12
Sharity Galland,16/01/2012,16/01/2022,Friday,January,30
Antoine Lillgard,10/05/2014,10/05/2022,Tuesday,May,15
Dorotea Wadesworth,12/09/2011,12/09/2022,Monday,September,7
Kimberlee Ciani,24/10/2014,24/10/2022,Monday,October,14
Pauline Dorsey,03/03/2015,03/03/2022,Thursday,March,19
Bettina Forward,07/07/2015,07/07/2022,Thursday,July,12
Mike Ginnelly,30/10/2011,30/10/2022,Friday,October,27
Conroy Hatcliffe,18/06/2012,18/06/2022,Friday,June,30
Cecil Gavaghan,12/01/2013,12/01/2022,Wednesday,January,14
Filippa Pattingson,04/11/2014,04/11/2022,Friday,November,39
Janene Harford,27/02/2012,27/02/2022,Friday,February,31
Carri Livings,27/07/2012,27/07/2022,Wednesday,July,19
Mitzi Kleinhandler,19/10/2013,19/10/2022,Wednesday,October,13
Shaine Matas,16/10/2012,16/10/2022,Friday,October,27
Fraze Tutin,02/09/2013,02/09/2022,Friday,September,41
Nola Mallett,10/06/2015,10/06/2022,Friday,June,30
Hardy Burford,05/04/2014,05/04/2022,Tuesday,April,4
Sarine Pedlingham,16/09/2013,16/09/2022,Friday,September,41
Bary Amyes,20/07/2013,20/07/2022,Wednesday,July,19
Berthe Sheerman,29/09/2013,29/09/2022,Thursday,September,14
Charisse Divina,21/10/2014,21/10/2022,Friday,October,27
Calla Emms,22/07/2013,22/07/2022,Friday,July,49
West Breheny,25/04/2015,25/04/2022,Monday,April,10
Patsy Piner,29/09/2013,29/09/2022,Thursday,September,14
Fairleigh Janusz,28/02/2012,28/02/2022,Monday,February,12
Rodrick Lepere,19/09/2012,19/09/2022,Monday,September,7
Kissie Burkert,28/07/2015,28/07/2022,Thursday,July,12
Alanson Joost,10/07/2015,10/07/2022,Friday,July,49
Shelly Deares,17/07/2014,17/07/2022,Friday,July,49
Angy Moseby,27/02/2012,27/02/2022,Friday,February,31
Corabel Triggol,05/02/2015,05/02/2022,Friday,February,31
Jose Kennan,23/09/2011,23/09/2022,Friday,September,41
Ferd Dey,05/04/2015,05/04/2022,Tuesday,April,4
Katlin Bumphrey,28/02/2012,28/02/2022,Monday,February,12
Dana Gauld,15/07/2014,15/07/2022,Friday,July,49
Alys McReidy,21/10/2011,21/10/2022,Friday,October,27
Maure Kenwell,20/10/2012,20/10/2022,Thursday,October,14
Virgie Roark,12/08/2015,12/08/2022,Friday,August,24
Jacklin Biggerstaff,30/05/2015,30/05/2022,Monday,May,7
Wade Fautly,28/09/2014,28/09/2022,Wednesday,September,7
Loydie Capewell,06/04/2014,06/04/2022,Wednesday,April,12
Emmalynn Sankey,11/06/2014,11/06/2022,Friday,June,30
Shannon Gerring,30/08/2013,30/08/2022,Tuesday,August,15
Denna Cornewall,17/10/2011,17/10/2022,Monday,October,14
Meyer Barca,13/07/2014,13/07/2022,Wednesday,July,19
Goldia Macklin,17/01/2013,17/01/2022,Monday,January,14
Curry Dawbery,25/04/2013,25/04/2022,Monday,April,10
Heidi Elderkin,16/11/2012,16/11/2022,Wednesday,November,17
Peggie Derrett,29/06/2012,29/06/2022,Wednesday,June,15
Ingunna Hauck,26/01/2015,26/01/2022,Wednesday,January,14
Emmott Gosson,01/02/2012,01/02/2022,Tuesday,February,13
Guinna O'Currine,07/02/2015,07/02/2022,Monday,February,12
Haleigh Causier,31/05/2012,31/05/2022,Tuesday,May,15
Karel Hovenden,06/10/2014,06/10/2022,Thursday,October,14
Ragnar Heathcott,03/02/2015,03/02/2022,Thursday,February,12
Axe Gleder,03/05/2014,03/05/2022,Tuesday,May,15
Poul Frane,11/04/2012,11/04/2022,Monday,April,10
Jerry Pelerin,17/11/2011,17/11/2022,Thursday,November,13
Gayler Littledike,08/12/2013,08/12/2022,Thursday,December,20
Bartlett Chilvers,22/08/2015,22/08/2022,Monday,August,12
Harwell Munnings,25/12/2013,25/12/2022,Friday,December,48
Russell Constantine,14/11/2012,14/11/2022,Monday,November,11
Zulema Ludlom,25/01/2015,25/01/2022,Tuesday,January,12
Dewain Wogdon,10/10/2014,10/10/2022,Monday,October,14
Merrily Altamirano,18/03/2013,18/03/2022,Friday,March,31
Bartholemy Rattrie,24/02/2013,24/02/2022,Thursday,February,12
Leroi Heikkinen,21/04/2012,21/04/2022,Thursday,April,11
Kamila Blakes,29/06/2014,29/06/2022,Wednesday,June,15
Vincent Seedull,12/01/2012,12/01/2022,Wednesday,January,14
Remy La Torre,23/04/2013,23/04/2022,Friday,April,56
Brig Lawty,28/03/2015,28/03/2022,Monday,March,8
Kassie Darben,10/02/2014,10/02/2022,Thursday,February,12
Barnie Drees,25/04/2013,25/04/2022,Monday,April,10
Leslie Pezey,02/08/2013,02/08/2022,Tuesday,August,15
Ted Gobel,29/05/2014,29/05/2022,Friday,May,30
Noach Pagen,11/11/2013,11/11/2022,Friday,November,39
Elita Taggert,08/11/2012,08/11/2022,Tuesday,November,12
Tony Roches,03/07/2013,03/07/2022,Friday,July,49
Phelia Wines,07/12/2011,07/12/2022,Wednesday,December,9
Kris Boarer,04/02/2013,04/02/2022,Friday,February,31
Courtnay Fearey,30/01/2012,30/01/2022,Friday,January,30
Bartie Pedrazzi,08/01/2014,08/01/2022,Friday,January,30
Pincas Sogg,19/08/2015,19/08/2022,Friday,August,24
Delainey Rand,10/03/2012,10/03/2022,Thursday,March,19
Alvy Fleis,28/10/2012,28/10/2022,Friday,October,27
Chrotoem Thominga,20/07/2014,20/07/2022,Wednesday,July,19
Ebeneser Gobel,10/05/2012,10/05/2022,Tuesday,May,15
Orelee Perillio,19/02/2014,19/02/2022,Friday,February,31
Carmelita Wiffen,11/09/2011,11/09/2022,Friday,September,41
Dion Grimestone,16/09/2011,16/09/2022,Friday,September,41
Terry Sloey,29/03/2013,29/03/2022,Tuesday,March,13
Reube Pallaske,04/08/2015,04/08/2022,Thursday,August,10
Ossie Woodard,12/01/2012,12/01/2022,Wednesday,January,14
Olly Navarijo,08/09/2012,08/09/2022,Thursday,September,14
Maybelle Shackesby,30/04/2015,30/04/2022,Friday,April,56
Seumas Plum,28/04/2013,28/04/2022,Thursday,April,11
Burl Glassborow,31/07/2015,31/07/2022,Friday,July,49
Farra Laidler,29/03/2015,29/03/2022,Tuesday,March,13
Olwen Callicott,01/02/2013,01/02/2022,Tuesday,February,13
Zoe Djorvic,04/04/2013,04/04/2022,Monday,April,10
Tonye Faudrie,01/04/2012,01/04/2022,Friday,April,56
Jody Alvin,15/05/2013,15/05/2022,Friday,May,30
Brandie Feuell,10/05/2015,10/05/2022,Tuesday,May,15
Mic Stonard,12/07/2013,12/07/2022,Tuesday,July,12
Jilli Kevane,11/11/2011,11/11/2022,Friday,November,39
Jessie Fforde,05/06/2014,05/06/2022,Friday,June,30
Eleonora Manntschke,12/12/2014,12/12/2022,Monday,December,20
Westley Bergin,30/12/2012,30/12/2022,Friday,December,48
Thelma Carabine,14/06/2014,14/06/2022,Tuesday,June,11
Nannie Ferebee,11/03/2015,11/03/2022,Friday,March,31
Sib Klink,07/12/2014,07/12/2022,Wednesday,December,9
Keely Skellion,24/07/2015,24/07/2022,Friday,July,49
Erinna Rosthorn,14/06/2013,14/06/2022,Tuesday,June,11
Elvin Lewinton,10/09/2013,10/09/2022,Friday,September,41
Rosana Zoellner,19/05/2014,19/05/2022,Thursday,May,12
Elaine Blackborough,31/07/2013,31/07/2022,Friday,July,49
Roddie Ovett,10/07/2013,10/07/2022,Friday,July,49
Ninnetta Galia,01/04/2013,01/04/2022,Friday,April,56
Casandra Norewood,24/11/2014,24/11/2022,Thursday,November,13
Pen Haney`,25/12/2011,25/12/2022,Friday,December,48
Brigg Mendel,20/02/2015,20/02/2022,Friday,February,31
Susana Cookney,17/03/2012,17/03/2022,Thursday,March,19
Codi Widger,04/07/2014,04/07/2022,Monday,July,11
Sonny Finlason,26/11/2014,26/11/2022,Friday,November,39
Felike Whardley,18/07/2014,18/07/2022,Monday,July,11
Aileen Overill,26/06/2012,26/06/2022,Friday,June,30
Rayna Hobble,02/01/2014,02/01/2022,Friday,December,48
Dela Corradeschi,04/10/2014,04/10/2022,Tuesday,October,9
Temple Arnald,15/11/2013,15/11/2022,Tuesday,November,12
Corey Garnsworthy,12/01/2012,12/01/2022,Wednesday,January,14
Lyssa Skotcher,03/03/2013,03/03/2022,Thursday,March,19
Farra Congreave,20/06/2014,20/06/2022,Monday,June,9
Chanda Hartle,23/08/2014,23/08/2022,Tuesday,August,15
Emmott Pressman,02/11/2012,02/11/2022,Wednesday,November,17
Alvera Roussel,22/05/2013,22/05/2022,Friday,May,30
Korney Pennington,24/08/2013,24/08/2022,Wednesday,August,10
Travus Rousby,20/09/2011,20/09/2022,Tuesday,September,12
Wakefield Pleaden,21/02/2014,21/02/2022,Monday,February,12
Amy Pirrie,06/11/2013,06/11/2022,Friday,November,39
Barn Poyntz,22/06/2015,22/06/2022,Wednesday,June,15
Heindrick Okie,06/05/2014,06/05/2022,Friday,May,30
Gan Thulborn,18/12/2011,18/12/2022,Friday,December,48
Delphinia Wallach,12/06/2015,12/06/2022,Friday,June,30
Harlin Hallad,28/11/2012,28/11/2022,Monday,November,11
Ida Side,22/04/2015,22/04/2022,Friday,April,56
Lia Cavilla,06/04/2015,06/04/2022,Wednesday,April,12
Tammie Bevans,17/12/2012,17/12/2022,Friday,December,48
Towney Genny,26/10/2011,26/10/2022,Wednesday,October,13
Darsie Midson,10/07/2015,10/07/2022,Friday,July,49
Bobbee Timeby,12/10/2014,12/10/2022,Wednesday,October,13
Giacinta Pardal,28/05/2012,28/05/2022,Friday,May,30
Justinian McCrossan,25/01/2015,25/01/2022,Tuesday,January,12
Maxine Peizer,06/10/2013,06/10/2022,Thursday,October,14
Claudell Oloshin,25/12/2011,25/12/2022,Friday,December,48
Risa Marc,31/07/2013,31/07/2022,Friday,July,49
Leontine Kowalski,31/12/2011,31/12/2022,Friday,December,48
Yasmin Lindsell,28/09/2012,28/09/2022,Wednesday,September,7
Carlyle Bestwick,08/08/2013,08/08/2022,Monday,August,12
Arnold Emps,22/06/2013,22/06/2022,Wednesday,June,15
Cassandry Trevaskus,05/01/2015,05/01/2022,Wednesday,January,14
Julianna Whitlock,25/02/2014,25/02/2022,Friday,February,31
Meryl Grzelewski,04/06/2012,04/06/2022,Friday,June,30
Louella Ketch,17/08/2015,17/08/2022,Wednesday,August,10
Meredith Dreng,12/09/2011,12/09/2022,Monday,September,7
Brana Bridgstock,04/01/2015,04/01/2022,Tuesday,January,12
Efrem Roswarne,21/10/2014,21/10/2022,Friday,October,27
Catrina Hannabuss,12/03/2012,12/03/2022,Friday,March,31
Ainslie Swansbury,03/10/2012,03/10/2022,Monday,October,14
Jerry Archard,09/03/2013,09/03/2022,Wednesday,March,6
Cly Chevis,19/12/2012,19/12/2022,Monday,December,20
Tarrance Alves,24/12/2013,24/12/2022,Friday,December,48
Geneva Bakesef,05/12/2014,05/12/2022,Monday,December,20
Rosaline Youel,19/03/2013,19/03/2022,Friday,March,31
Livvyy Cessford,23/06/2014,23/06/2022,Thursday,June,12
Deirdre Maharey,17/07/2015,17/07/2022,Friday,July,49
Dyan Heckney,02/05/2014,02/05/2022,Monday,May,7
Alika Bunclark,09/11/2014,09/11/2022,Wednesday,November,17
Daryle Flewitt,11/09/2012,11/09/2022,Friday,September,41
Clovis Okeshott,01/02/2015,01/02/2022,Tuesday,February,13
Gratia Shory,02/04/2015,02/04/2022,Friday,April,56
Alane Beidebeke,22/11/2012,22/11/2022,Tuesday,November,12
Bridie Hembery,26/05/2013,26/05/2022,Thursday,May,12
Hannis Loughran,02/02/2013,02/02/2022,Wednesday,February,8
Gwen Glowinski,04/03/2012,04/03/2022,Friday,March,31
Henrie Wrightson,01/12/2014,01/12/2022,Thursday,December,20
Ludwig Raine,18/02/2014,18/02/2022,Friday,February,31
Hamel Pie,24/12/2013,24/12/2022,Friday,December,48
Tamma Sergison,19/06/2012,19/06/2022,Friday,June,30
Ninetta Worling,15/02/2015,15/02/2022,Tuesday,February,13
Stanford Tinton,09/04/2013,09/04/2022,Friday,April,56
Ertha MacCook,14/12/2013,14/12/2022,Wednesday,December,9
Lawton Randles,12/12/2011,12/12/2022,Monday,December,20
Engracia Pashbee,23/09/2013,23/09/2022,Friday,September,41
